date,V37331,V37323_G6,V37332,V37333,V37334,V37335,V37342,V42141675,V42141674,V37319,V37346,V37295_G6,V37298,V37301,V37294,V37312,V42141668
01/01/1946,1796,,,,,,16574,,,,,696,,,25,,
01/02/1946,1796,,,,,,16530,,,,,698,,,25,,
01/03/1946,1796,,,,,,16531,,,,,699,,,23,,
01/04/1946,1796,,,,,,16529,,,,,774,,,22,,
01/05/1946,1796,,,,,,16385,,,,,770,,,23,,
01/06/1946,1796,,,,,,16324,,,,,765,,,22,,
01/07/1946,1826,,,,,,16296,,,,,765,,,20,,
01/08/1946,1826,,,,,,16296,,,,,765,,,16,,
01/09/1946,1841,,,,,,16311,,,,,764,,,15,,
01/10/1946,1856,,,,,,16326,,,,,910,,,14,,
01/11/1946,1856,,,,,,16272,,,,,1233,,,32,,
01/12/1946,1546,,,,,,15982,,,,,1237,,,32,,
01/01/1947,1546,,,,,,16002,,,,,1247,,,26,,
01/02/1947,1336,,,,,,15792,,,,,1245,,,26,,
01/03/1947,1280,,,,,,15731,,,,,1265,,,17,,
01/04/1947,1280,,,,,,15731,,,,,1260,,,17,,
01/05/1947,1480,,,,,,15558,,,,,1253,,,18,,
01/06/1947,1480,,,,,,15557,,,,,1245,,,16,,
01/07/1947,1480,,,,,,15559,,,,,1238,,,15,,
01/08/1947,1480,,,,,,15557,,,,,1235,,,14,,
01/09/1947,1320,,,,,,15397,,,,,1225,,,13,,
01/10/1947,1200,,,,,,15222,,,,,1270,,,19,,
01/11/1947,1200,,,,,,15184,,,,,1448,,,23,,
01/12/1947,1200,,,,,,15183,,,,,1440,,,22,,
01/01/1948,1200,,,,,,15244,,,,,1429,,,21,,
01/02/1948,1200,,,,,,15089,,,,,1417,,,28,,
01/03/1948,1300,,,,,,15056,,,,,1322,,,34,,
01/04/1948,1300,,,,,,15085,,,,,1309,,,31,,
01/05/1948,1300,,,,,,15115,,,,,1293,,,30,,
01/06/1948,1300,,,,,,15145,,,,,1277,,,30,,
01/07/1948,1300,,,,,,15144,,,,,1265,,,30,,
01/08/1948,1120,,,,,,15155,,,,,1252,,,28,,
01/09/1948,1300,,,,,,15155,,,,,1238,,,26,,
01/10/1948,1300,,,,,,15155,,,,,1262,,,25,,
01/11/1948,1300,,,,,,14974,,,,,1425,,,50,,
01/12/1948,1300,,,,,,14973,,,,,1410,,,35,,
01/01/1949,1300,,,,,,15008,,,,,1399,,,31,,
01/02/1949,1300,,,,,,14958,,,,,1387,,,35,,
01/03/1949,1300,,,,,,14958,,,,,1220,,,33,,
01/04/1949,1300,,,,,,14958,,,,,1091,,,32,,
01/05/1949,1300,,,,,,14957,,,,,1067,,,29,,
01/06/1949,1300,,,,,,15020,,,,,1048,,,27,,
01/07/1949,1300,,,,,,15020,,,,,1031,,,26,,
01/08/1949,1300,,,,,,15020,,,,,1019,,,24,,
01/09/1949,1200,,,,,,15150,,,,,1004,,,23,,
01/10/1949,1200,,,,,,14761,,,,,1029,,,50,,
01/11/1949,1200,,,,,,14481,,,,,1240,,,60,,
01/12/1949,1200,,,,,,14480,,,,,1227,,,53,,
01/01/1950,1200,,,,,,14520,,,,,1214,,,48,,
01/02/1950,1200,,,,,,14451,,,,,1202,,,51,,
01/03/1950,1300,,,,,,14551,,,,,1188,,,48,,
01/04/1950,1300,,,,,,14551,,,,,1125,,,38,,
01/05/1950,1300,,,,,,14548,,,,,1098,,,31,,
01/06/1950,1300,,,,,,14561,,,,,1077,,,87,,
01/07/1950,1300,,,,,,14526,,,,,1063,,,67,,
01/08/1950,1500,,,,,,14726,,,,,1046,,,60,,
01/09/1950,1500,,,,,,14726,,,,,1030,,,56,,
01/10/1950,1500,,,,,,14635,,,,,1045,,,52,,
01/11/1950,1500,,,,,,14599,,,,,1238,,,60,,
01/12/1950,1500,,,,,,14606,,,,,1218,,,51,,
01/01/1951,1500,,,,,,14600,,,,,1198,,,43,,
01/02/1951,1400,,,,,,14444,,,,,1181,,,43,,
01/03/1951,1400,,,,,,14448,,,,,1134,,,40,,
01/04/1951,1400,,,,,,14460,,,,,1051,,,37,,
01/05/1951,1400,,,,,,14458,,,,,1025,,,32,,
01/06/1951,1400,,,,,,14455,,,,,1000,,,29,,
01/07/1951,1400,,,,,,14447,,,,,980,,,27,,
01/08/1951,1400,,,,,,14447,,,,,961,,,25,,
01/09/1951,1400,,,,,,14395,,,,,943,,,24,,
01/10/1951,1400,,,,,,14391,,,,,973,,,23,,
01/11/1951,1400,,,,,,14088,,,,,1216,,,22,,
01/12/1951,1400,,,,,,14060,,,,,1194,,,21,,
01/01/1952,1400,,,,,,14062,,,,,1176,,,19,,
01/02/1952,1400,,,,,,14010,,,,,1162,,,23,,
01/03/1952,1400,,,,,,14004,,,,,1140,,,23,,
01/04/1952,1400,,,,,,14003,,,,,1102,,,22,,
01/05/1952,1400,,,,,,14003,,,,,1081,,,21,,
01/06/1952,1400,,,,,,13999,,,,,1061,,,21,,
01/07/1952,1500,,,,,,14097,,,,,1044,,,21,,
01/08/1952,1500,,,,,,14093,,,,,1029,,,20,,
01/09/1952,1500,,,,,,14093,,,,,1011,,,19,,
01/10/1952,1500,,,,,,14095,,,,,1032,,,19,,
01/11/1952,1400,,,,,,13848,,,,,1273,,,19,,
01/12/1952,1400,,,,,,13858,,,,,1250,,,19,,
01/01/1953,1375,,,,,,13895,,,,,1237,,,19,,
01/02/1953,1500,,,,,,14020,,,,,1225,,,18,,
01/03/1953,1550,,,,,,14045,,,,,1206,,,20,,
01/04/1953,1600,,,,,,14095,,,,,1190,,,19,,
01/05/1953,1400,,,,,,13894,,,,,1163,,,17,,
01/06/1953,1400,,,,,,13894,,,,,1143,,,17,,
01/07/1953,1400,,,,,,13904,,,,,1126,,,17,,
01/08/1953,1400,,,,,,13914,,,,,1109,,,18,,
01/09/1953,1400,,,,,,13915,,,,,1091,,,18,,
01/10/1953,1400,,,,,,13930,,,,,1167,,,19,,
01/11/1953,1400,,,,,,13928,,,,,1632,,,19,,
01/12/1953,1400,,,,,,13929,,,,,1632,,,19,,
01/01/1954,1400,,,,,,13931,,,,,1605,,,19,,
01/02/1954,1400,,,,,,14080,,,,,1585,,,20,,
01/03/1954,1400,,,,,,13608,,,,,1562,,,62,,
01/04/1954,1400,,,,,,13608,,,,,1539,,,51,,
01/05/1954,1400,,,,,,13608,,,,,1517,,,47,,
01/06/1954,1400,,,,,,13611,,,,,1494,,,71,,
01/07/1954,1425,,,,,,13737,,,,,1475,,,59,,
01/08/1954,1445,,,,,,13757,,,,,1457,,,53,,
01/09/1954,1465,,,,,,13777,,,,,1440,,,49,,
01/10/1954,1490,,,,,,13791,,,,,1511,,,103,,
01/11/1954,1510,,,,,,13610,,,,,2132,,,74,,
01/12/1954,1530,,,,,,13247,,,,,2090,,,74,,
01/01/1955,1560,,2439,1538,4291,3448,13276,,,,86,2069,,,63,,
01/02/1955,1600,,2439,1538,4291,3448,13316,,,,84,2052,,,58,,
01/03/1955,1590,,2430,1538,4290,3448,13296,,,,83,2031,,,53,,
01/04/1955,1640,,2430,1538,4291,3448,13347,,,,82,2009,,,49,,
01/05/1955,1655,,2430,1538,4290,3448,13361,,,,81,1984,,,45,,
01/06/1955,1705,,2730,2404,3076,3448,13362,,,,80,1960,,,41,,
01/07/1955,1730,,2835,2398,3077,3448,13487,,,,74,1940,,,40,,
01/08/1955,1750,,2835,2398,3077,3448,13507,,,,79,1921,,,37,,
01/09/1955,1775,,2835,2398,3077,3448,13532,,,,78,1900,,,35,,
01/10/1955,1825,,2890,2398,3077,3393,13582,,,,77,1929,,,34,,
01/11/1955,1670,,2890,2398,3077,3393,13427,,,,77,2461,,,31,,
01/12/1955,1725,,2835,2398,3077,3448,13482,,,,76,2433,,,30,,
01/01/1956,1800,,4074,1166,3111,3358,13508,,,,74,2420,,,34,,
01/02/1956,1930,,4007,1166,3111,3358,13571,,,,73,2405,,,32,,
01/03/1956,2100,,4007,1166,3111,3358,13741,,,,71,2387,,,30,,
01/04/1956,2150,,4007,1166,3111,3358,13791,,,,70,2363,,,30,,
01/05/1956,1690,,4007,1168,3108,3358,13331,,,,71,2327,,,28,,
01/06/1956,1690,,3952,1168,3109,3358,13276,,,,71,2293,,,35,,
01/07/1956,1700,,3552,1168,3108,3358,12886,,,,72,2264,,,34,,
01/08/1956,1710,,3552,1168,3108,3358,12896,,,,71,2237,,,30,,
01/09/1956,1730,,3302,1168,4800,1916,12916,,,,79,2210,,,29,,
01/10/1956,1720,,3302,1168,4800,1916,12906,,,,79,2199,,,28,,
01/11/1956,1625,,3302,1168,4800,1916,12811,,,,78,2593,,,26,,
01/12/1956,1575,,3152,1168,4800,1916,12611,,,,79,2541,,,27,,
01/01/1957,1565,,3152,1202,4815,1866,12601,,,,78,2509,,,23,,
01/02/1957,1605,,3152,2518,3500,1866,12641,,,,77,2475,,,21,,
01/03/1957,1625,,3152,2518,3500,1866,12661,,,,76,2436,,,20,,
01/04/1957,1625,,3152,2518,3500,1866,12661,,,,75,2394,,,20,,
01/05/1957,1625,,3152,2518,3499,1866,12660,,,,74,2350,,,19,,
01/06/1957,1625,,4168,1352,3499,1866,12510,,,,74,2315,,,21,,
01/07/1957,1625,,4104,1352,3499,1866,12446,,,,74,2277,,,18,,
01/08/1957,1640,,4104,1352,3499,1866,12461,,,,74,2245,,,18,,
01/09/1957,1655,,4104,1352,3499,1866,12476,,,,72,2213,,,17,,
01/10/1957,1655,,4104,1352,3499,1866,12476,,,,72,2201,,,18,,
01/11/1957,1640,,4104,1352,3496,1866,12458,,,,71,2702,,,17,,
01/12/1957,1625,,4104,1352,3496,1866,12443,,,,72,2649,,,18,,
01/01/1958,1605,,4104,1352,3496,1866,12423,,,,71,2610,,,16,,
01/02/1958,1565,,4104,1602,3246,2166,12683,,,,75,2583,,,16,,
01/03/1958,1525,,4104,1602,3246,2166,12643,,,,75,2556,,,15,,
01/04/1958,1495,,4104,1602,3246,2166,12613,,,,74,2530,,,15,,
01/05/1958,1495,,4107,1600,3246,2516,12962,,,,77,2499,,,17,,
01/06/1958,1495,,4106,1600,3596,2166,12962,,,,76,2471,,,15,,
01/07/1958,1495,,4500,1773,3423,2166,13357,,,,73,2444,,,14,,
01/08/1958,1495,,4650,1623,3423,2166,13357,,,,72,2419,,,13,,
01/09/1958,1495,,2626,1381,2170,5684,13357,,,,126,2387,,,12,,
01/10/1958,1495,,2826,1605,1947,5684,13556,,,,124,2389,,,13,,
01/11/1958,1495,,2826,1604,1947,5684,13556,,,,123,2936,,,12,,
01/12/1958,1495,,3747,583,1947,5684,13456,,,,124,2895,,,10,,
01/01/1959,1595,,3704,649,1947,5684,13579,,,213,122,2889,,,28,16551,
01/02/1959,1595,,3608,595,1947,5684,13429,,,213,122,2879,,,24,16387,
01/03/1959,1595,,3808,595,1947,5684,13628,,,154,120,2855,,,22,16560,
01/04/1959,1595,,3807,595,1947,5684,13628,,,212,119,2831,,,20,16535,
01/05/1959,1675,,3808,595,2007,5774,13858,,,212,118,2801,,,19,16733,
01/06/1959,1955,,3620,594,2007,5774,13951,,,212,117,2767,,,18,16791,
01/07/1959,2015,,3546,594,2007,5774,13936,,,212,116,2734,,,17,16742,
01/08/1959,2024,,3546,594,2007,5774,13944,,,212,115,2706,,,16,16721,
01/09/1959,2024,,3546,593,2077,5704,13943,,,211,114,2662,,,15,16676,
01/10/1959,2064,,3506,593,2077,5704,13943,,,210,114,2622,,,17,16637,
01/11/1959,2077,,3506,593,2077,5704,13956,,,210,113,3267,,,15,17294,
01/12/1959,2077,,3205,793,2075,5702,13852,,,160,114,3212,,,16,17135,
01/01/1960,2077,,3306,693,2075,5802,13952,,,210,115,3203,,,14,17224,
01/02/1960,2105,,3456,643,2075,5802,14080,,,210,114,3174,,,13,17321,
01/03/1960,2125,,3456,643,2075,5802,14100,,,160,113,3143,,,12,17310,
01/04/1960,2135,,3576,442,2155,5802,14110,,,210,113,3117,,,14,17296,
01/05/1960,2105,,3572,442,2355,5605,14079,,,210,112,3085,,,13,17232,
01/06/1960,1965,,3547,442,2355,5724,14033,,,210,114,3059,,,27,17174,
01/07/1960,1920,,3566,423,2355,5724,13988,,,210,113,3040,,,23,17106,
01/08/1960,1940,,3566,423,2355,5724,14008,,,210,112,3017,,,21,17102,
01/09/1960,1965,,3566,1690,1088,5724,14033,,,210,111,3002,,,20,17110,
01/10/1960,1985,,3775,1467,1163,5899,14289,,,210,113,3002,,,20,17366,
01/11/1960,1985,,3775,1467,1163,5899,14289,,,210,112,3633,,,18,17995,
01/12/1960,1985,,3566,1466,1160,5895,14072,,,160,113,3594,,,25,17747,
01/01/1961,1985,,3566,1501,1165,5855,14072,,,210,113,3594,0,,19,17741,
01/02/1961,1985,,3416,1651,1165,5855,14072,,,210,112,3585,0,,17,17730,
01/03/1961,1935,,3466,1751,1165,5804,14120,,,160,111,3562,0,,16,17753,
01/04/1961,1935,,3466,1751,1165,5804,14120,,,158,110,3527,0,,15,17717,
01/05/1961,1935,,3712,1501,1165,5804,14117,,,157,109,3496,0,,19,17687,
01/06/1961,1885,,3862,1501,1165,5804,14217,,,157,108,3473,0,,17,17762,
01/07/1961,1885,,3862,1501,1165,5804,14217,,,157,107,3450,0,,15,17737,
01/08/1961,1885,,3797,1741,1165,5804,14392,,,157,106,3424,0,,15,17885,
01/09/1961,1885,,3818,1986,1054,5648,14391,,,157,103,3398,139,,14,17997,
01/10/1961,1885,,3812,1986,1054,5654,14391,,,157,102,3403,155,,13,18017,
01/11/1961,1885,,3809,1985,1054,5515,14248,,,157,100,4118,162,,13,18595,
01/12/1961,1885,,4214,1721,978,5527,14325,,,156,100,4080,157,,19,18636,
01/01/1962,1885,,4198,1771,1028,5558,14441,,,122,99,4079,132,,16,18722,
01/02/1962,1885,,4137,1771,1028,5566,14387,,,122,99,4076,98,,35,18651,
01/03/1962,1885,,4271,1771,1028,5440,14395,,,122,96,4059,63,,29,18600,
01/04/1962,1885,,4256,1844,955,5455,14395,,,132,95,4041,34,,26,18551,
01/05/1962,1885,,4118,1844,1055,5503,14405,,,132,96,4011,16,,24,18510,
01/06/1962,1885,,3829,1944,955,5652,14265,,,132,97,3988,28,,23,18359,
01/07/1962,1885,,3829,1944,955,5652,14265,,,132,96,3955,46,,21,18341,
01/08/1962,1970,,3544,1944,1035,5772,14265,,,132,98,3893,63,,20,18295,
01/09/1962,2030,,4810,678,2322,4485,14325,,,132,97,3851,78,,19,18327,
01/10/1962,2090,,4788,778,2322,4625,14602,,,267,97,3849,92,,24,18623,
01/11/1962,2105,,4766,778,2322,4644,14615,,,264,97,4670,102,,19,19461,
01/12/1962,2165,,4192,778,2472,5048,14655,,,264,101,4620,100,,19,19448,
01/01/1963,2165,,4127,993,2222,5183,14690,,,400,103,4619,78,,19,19461,
01/02/1963,2165,,4227,993,2222,5183,14790,,,400,102,4614,46,,17,19522,
01/03/1963,2165,,4227,993,2202,5090,14677,,,400,100,4588,12,,16,19347,
01/04/1963,2285,,4213,993,2202,5090,14783,,,399,99,4508,0,,19,19365,
01/05/1963,2325,,4213,1048,2146,5090,14823,,,399,98,4480,0,,16,19374,
01/06/1963,2345,,4113,1532,1838,5190,15018,,,399,99,4464,0,,16,19553,
01/07/1963,2325,,4097,1532,1838,5190,14982,,,383,98,4439,0,,15,19491,
01/08/1963,2240,,4097,1532,1838,5190,14897,,,383,98,4410,12,,15,19388,
01/09/1963,2245,,4343,1287,1838,5190,14902,,,383,97,4385,29,,14,19385,
01/10/1963,2265,,4128,1603,1838,5190,15024,,,383,96,4388,46,,32,19545,
01/11/1963,2255,,4128,1603,1838,5190,15014,,,383,95,5180,61,,25,20335,
01/12/1963,2240,,4303,1428,1838,5188,14997,,,383,95,5133,66,,25,20276,
01/01/1964,2230,,4352,1378,1840,5188,14987,,,383,94,5131,49,,21,20244,
01/02/1964,2230,,4155,1508,2041,5038,14972,,,383,95,5122,29,,20,20198,
01/03/1964,2230,,4154,1508,2042,5038,14972,,,383,94,5099,0,,19,20145,
01/04/1964,2130,,4224,1615,1865,5038,14872,,,383,94,5067,0,,18,20012,
01/05/1964,2130,,3840,1615,2214,5113,14912,,,383,96,5022,0,,19,20008,
01/06/1964,2145,,3956,1340,2373,5113,14927,,,383,96,4988,0,,17,19987,
01/07/1964,2130,,3981,1665,2048,5163,14987,,,383,96,4959,5,,17,20023,
01/08/1964,2130,,3981,1665,2048,5163,14987,,,382,95,4935,24,,16,20017,
01/09/1964,2130,,3981,1735,2043,5098,14987,,,382,94,4905,43,,16,20006,
01/10/1964,2130,,3921,1840,1963,5098,14952,,,382,94,4900,62,,16,19986,
01/11/1964,2140,,3921,1840,1963,5098,14962,,,382,93,5666,80,,15,20778,
01/12/1964,2140,,3572,1840,2313,5096,14961,,,382,94,5613,88,,16,20733,
01/01/1965,2140,,3777,1460,2313,5095,14786,,,382,95,5610,83,,15,20549,
01/02/1965,2140,,3537,1460,2588,5095,14821,,,382,96,5593,66,,15,20549,
01/03/1965,2140,,3412,1460,2588,5095,14696,,,382,95,5557,43,,14,20365,
01/04/1965,2140,,3387,1460,2588,5093,14668,,,380,95,5523,26,,15,20288,
01/05/1965,2140,,3443,1605,2388,5093,14668,,,380,94,5470,26,,14,20234,
01/06/1965,2140,,3752,1296,2394,5086,14668,,,380,93,5426,41,,13,20204,
01/07/1965,2140,,3552,1421,2394,5086,14593,,,380,94,5393,63,,14,20118,
01/08/1965,2140,,3552,1421,2394,5086,14593,,,380,93,5359,85,,13,20105,
01/09/1965,2150,,3307,1566,2436,5145,14603,,,380,95,5324,107,,31,20120,
01/10/1965,2150,,3748,1125,2746,4832,14601,,,377,94,5309,130,,25,20120,
01/11/1965,2150,,3748,1125,2746,4832,14601,,,377,93,5941,146,,19,20762,
01/12/1965,2150,,3573,1225,2796,4830,14574,,,377,93,5866,168,,18,20681,
01/01/1966,2150,,3538,1265,2756,4830,14539,,,377,92,5843,170,,16,20624,
01/02/1966,2150,,3378,1315,2756,4910,14509,,,377,93,5806,160,,17,20547,
01/03/1966,2150,,3378,1315,2756,4910,14509,,,377,92,5745,144,,15,20468,
01/04/1966,2150,,3658,1035,3192,4471,14506,,,375,91,5694,140,,14,20410,
01/05/1966,2150,,3488,1075,3192,4601,14506,,,375,92,5619,140,,14,20334,
01/06/1966,2150,,3488,1425,3089,4354,14506,,,374,91,5561,159,,13,20294,
01/07/1966,2160,,3813,1100,3089,4354,14516,,,375,90,5509,185,,13,20278,
01/08/1966,2170,,3813,1100,3089,4354,14526,,,375,90,5463,208,,13,20264,
01/09/1966,2170,,3608,1280,3089,4429,14576,,,375,91,5399,230,,47,20306,
01/10/1966,2170,,4083,805,3089,4427,14573,,,372,90,5379,258,,36,20301,
01/11/1966,2170,,4083,805,3089,4427,14573,,,372,89,6180,282,,27,21117,
01/12/1966,2170,,3758,1296,2898,4521,14643,,,372,91,6089,298,,26,21111,
01/01/1967,2170,,3708,1296,2898,4521,14593,,,372,90,6075,296,,23,21042,
01/02/1967,2270,,3708,1296,2968,4601,14843,,,372,90,6060,282,,21,21260,
01/03/1967,2310,,3708,1296,2968,4601,14883,,,372,89,6026,262,,20,21245,
01/04/1967,2320,,3485,1296,3168,4723,14993,,,369,91,5999,257,,19,21323,
01/05/1967,2340,,3685,1096,3252,4640,15013,,,369,90,5950,250,,18,21286,
01/06/1967,2350,,3520,1196,3352,4640,15058,,,369,90,5907,261,,19,21299,
01/07/1967,2370,,3835,881,3352,4640,15078,,,369,89,5865,277,,17,21292,
01/08/1967,2390,,3925,966,3352,4640,15273,,,369,87,5819,298,,16,21462,
01/09/1967,2410,,3925,2233,2085,4640,15293,,,369,86,5779,319,,16,21461,
01/10/1967,2410,,3700,2458,2085,4637,15290,,,367,86,5757,348,,18,21468,
01/11/1967,2420,,3700,2458,2085,4637,15300,,,367,85,6416,361,,16,22148,
01/12/1967,2455,,3895,2155,2283,4461,15249,,,167,83,6319,373,,15,22011,
01/01/1968,2465,,3785,2315,2491,4253,15309,,,167,83,6271,360,,18,22012,
01/02/1968,2480,,3785,2315,2491,4253,15324,,,167,82,6209,329,,15,21932,
01/03/1968,2480,,3785,2315,2491,4253,15324,,,167,81,6106,302,,14,21800,
01/04/1968,2495,,3795,2305,2491,4243,15329,,,166,81,6000,286,,14,21685,
01/05/1968,2520,,3811,2342,2558,4243,15474,,,341,80,5952,269,,13,21763,
01/06/1968,2685,,4016,2060,2741,4321,15822,,,419,80,5795,275,,26,21974,
01/07/1968,2725,,4016,2060,2741,4321,15862,,,419,79,5698,286,,13,21915,
01/08/1968,2810,,4156,2320,2741,4321,16347,,,419,77,5626,313,,10,22351,
01/09/1968,2840,,4056,2320,2741,4321,16277,,,419,77,5575,342,,9,22258,
01/10/1968,2840,,4031,2795,2466,4435,16566,,,433,78,5560,380,,20,22580,
01/11/1968,2815,,4031,2795,2466,4435,16541,,,433,77,6462,408,,17,23483,
01/12/1968,2825,,4651,2547,2239,4429,16691,,,433,76,6359,435,,16,23556,
01/01/1969,2825,,4651,2547,2239,4445,16707,,,449,75,6328,428,,15,23533,
01/02/1969,2840,,4651,2747,2039,4445,16722,,,449,75,6268,409,,14,23468,
01/03/1969,2840,,4551,2747,2039,4445,16622,,,449,74,6194,387,,14,23271,
01/04/1969,2840,,4501,2872,2039,4445,16696,,,448,74,6126,378,,23,23277,
01/05/1969,2840,,4538,2835,2039,4445,16696,,,448,73,6033,369,,18,23171,
01/06/1969,2865,,4538,3085,1789,4445,16721,,,448,72,5949,389,,16,23131,
01/07/1969,2885,,4293,3085,1914,4445,16621,,,448,73,5817,417,,18,22927,
01/08/1969,2895,,4333,3195,1914,4445,16781,,,448,72,5709,443,,16,23004,
01/09/1969,2895,,5480,1976,1865,4445,16661,,,448,71,5619,471,,14,22820,
01/10/1969,2895,,5205,2208,2208,4101,16616,,,453,72,5583,508,,22,22785,
01/11/1969,2895,,5205,2208,2208,4101,16616,,,453,71,6780,537,,17,24006,
01/12/1969,2895,,5191,2308,2107,4095,16595,,,453,70,6683,552,,15,23902,
01/01/1970,2895,,5191,2308,2107,4095,16595,,,453,69,6672,540,,14,23877,
01/02/1970,2895,,5091,2398,2107,4095,16585,,,453,69,6639,507,,16,23803,
01/03/1970,2895,,5091,2398,2107,4095,16585,,,453,68,6591,468,,13,23713,
01/04/1970,2910,,5566,2123,1907,4094,16600,,,452,67,6550,437,,13,23654,
01/05/1970,3215,,5107,2348,2107,4080,16856,,,418,68,6506,406,,17,23840,
01/06/1970,3305,,5107,2280,2100,4080,16872,,,344,67,6441,413,,14,23795,
01/07/1970,3405,,4927,2540,2100,4080,17052,,,344,66,6408,428,,20,23965,
01/08/1970,3415,,4927,2540,2637,3743,17262,,,344,66,6389,446,,16,24168,
01/09/1970,3465,,4927,2571,2607,3743,17312,,,344,65,6371,456,,14,24208,
01/10/1970,3535,,5252,2526,2426,3742,17481,,,344,64,6352,480,,16,24384,
01/11/1970,3575,,5252,2526,2426,3742,17521,,,344,63,7416,490,,13,25495,
01/12/1970,3625,,5200,2951,2275,3737,17788,,,344,64,7397,491,,15,25746,
01/01/1971,3665,,5160,2951,2275,3738,17788,,,344,63,7439,466,,13,25761,
01/02/1971,3705,,5359,2751,2575,3588,17978,,,344,63,7534,405,,12,25984,
01/03/1971,3735,,5359,2751,2575,3588,18008,,,344,62,7830,336,,11,26240,
01/04/1971,3760,,5159,3062,2514,3587,18082,,,343,63,7791,284,,13,26226,
01/05/1971,3780,,5159,3062,2514,3587,18102,,,343,63,7745,259,,12,26174,
01/06/1971,3800,,5434,2984,2367,3587,18172,,,343,63,7698,255,,15,26196,
01/07/1971,3825,,5434,2984,2367,3587,18197,,,343,63,7655,256,,13,26176,
01/08/1971,3845,,5209,3409,2367,3587,18417,,,343,62,7617,256,,12,26358,
01/09/1971,3865,,5258,3360,2367,3587,18437,,,343,60,7581,257,,12,26342,
01/10/1971,3890,,5463,3330,2192,3586,18462,,,342,61,7594,257,,13,26381,
01/11/1971,3830,,5463,3330,2192,3586,18402,,,342,60,9875,258,,12,28600,
01/12/1971,3830,,5300,3153,2415,3567,18265,,,326,61,9916,26,,15,28277,
01/01/1972,3830,,5300,3153,2415,3567,18265,,,326,60,9862,26,,13,28222,
01/02/1972,3830,,5300,3153,2415,3567,18265,,,326,59,9801,27,,11,28159,
01/03/1972,3830,,5300,3153,2415,3566,18264,,,325,59,9735,27,,11,28092,
01/04/1972,3850,,5425,2953,2415,3566,18208,,,324,59,9686,28,,12,27990,
01/05/1972,3870,,5425,3030,2338,3566,18228,,,324,58,9617,29,,11,27940,
01/06/1972,3900,,5429,3023,2338,3564,18254,,,320,57,9551,30,,11,27900,
01/07/1972,3940,,5526,3063,2338,3564,18431,,,320,57,9494,31,,10,28021,
01/08/1972,3980,,5526,3063,2338,3564,18471,,,320,56,9441,31,,10,28008,
01/09/1972,4030,,5199,3886,1838,3563,18516,,,320,56,9395,32,,77,28075,
01/10/1972,4070,,5630,3455,1838,3563,18555,,,319,55,9396,32,,51,28090,
01/11/1972,4110,,5630,3455,1838,3563,18595,,,319,54,11163,33,,37,29882,
01/12/1972,4160,,5856,3004,2063,3559,18642,,,322,54,11111,33,,32,29873,
01/01/1973,4200,,5856,3212,1855,3559,18682,,,322,54,11096,33,,27,29894,
01/02/1973,4240,,5596,3212,2095,3559,18702,,,322,54,11059,34,,28,29878,
01/03/1973,4290,,5607,3212,2095,3560,18764,,,334,53,11004,34,,24,29881,
01/04/1973,4330,,5777,3001,2095,3576,18778,,,333,53,10960,35,,29,29858,
01/05/1973,4370,,5774,3001,2095,3578,18818,,,333,52,10890,36,,24,29823,
01/06/1973,4420,,6059,2629,2095,3577,18780,,,245,52,10803,37,,22,29697,
01/07/1973,4460,,5883,2754,1970,3578,18645,,,245,51,10704,38,,21,29463,
01/08/1973,4510,,6233,2404,1970,3578,18695,,,245,50,10626,39,,20,29435,
01/09/1973,4550,,6182,2404,3963,1638,18737,,,247,50,10483,39,,19,29333,
01/10/1973,4590,,6102,2434,3963,1638,18726,,,246,50,10339,40,,25,29184,
01/11/1973,4650,,6100,2434,3963,1639,18786,,,244,50,10860,40,,21,29762,
01/12/1973,4690,,5699,2432,4438,1634,18893,,,244,51,10726,41,,23,29737,
01/01/1974,4745,,5699,2432,4438,1634,18948,,,244,50,10631,41,,19,29693,
01/02/1974,4830,,5508,2432,4763,1650,19182,,,238,51,10530,41,,18,29827,
01/03/1974,4905,,5290,2432,4756,1861,19245,,,238,51,10421,42,,17,29781,
01/04/1974,4965,,5560,2307,4826,1791,19449,,,238,51,10327,43,,19,29894,
01/05/1974,5090,,5634,2233,4826,1791,19574,,,238,50,10010,44,,17,29701,
01/06/1974,5150,,5635,2818,4241,1941,19784,,,238,52,9725,46,,27,29636,
01/07/1974,5210,,6285,2168,4241,1941,19844,,,238,50,9516,46,,20,29482,
01/08/1974,5435,,6535,2168,4241,1941,20319,,,238,49,9333,47,,16,29771,
01/09/1974,5495,,6991,1668,4241,1943,20338,,,196,48,9214,48,,15,29670,
01/10/1974,5555,,6852,2336,3898,1942,20583,,,196,48,9188,48,,18,29892,
01/11/1974,5630,,6852,2336,3898,1942,20658,,,196,47,13320,49,,15,34097,
01/12/1974,5630,,6325,3086,3673,1938,20652,,,196,47,13171,49,,20,33947,
01/01/1975,5630,,6533,2878,3757,1854,20652,,,196,47,13079,50,,16,33851,
01/02/1975,5630,,6533,2878,3757,1854,20651,,,196,46,13000,50,,14,33772,
01/03/1975,5630,,6533,2878,3750,1910,20701,,,198,46,12935,51,,13,33700,
01/04/1975,5640,,6708,3003,3550,1909,20810,,,198,49,12880,52,,16,33759,
01/05/1975,5715,,6708,3003,3550,1909,20885,,,197,45,12820,54,,13,33772,
01/06/1975,5795,,6587,3003,3550,2030,20964,,,193,45,12761,55,,13,33793,
01/07/1975,5855,,6902,2753,3550,2130,21189,,,193,46,12700,56,,13,33959,
01/08/1975,5980,,6977,3281,3247,2229,21714,,,193,46,12652,57,,12,34435,
01/09/1975,6040,,6948,3281,3247,2229,21745,,,163,45,12597,58,,12,34411,
01/10/1975,6140,,7142,3056,3247,2378,21963,,,162,44,12618,58,,25,34665,
01/11/1975,6200,,7142,3056,3247,2378,22023,,,162,43,15945,59,,19,38046,
01/12/1975,6200,,6957,3856,2561,2431,22005,,,165,45,15835,59,,20,37920,
01/01/1976,6240,,6957,3856,2561,2431,22045,,,165,44,15752,60,,16,37874,
01/02/1976,6395,,6931,4306,2261,2706,22600,,,165,45,15658,60,,15,38334,
01/03/1976,6495,,6931,4301,2261,2696,22684,,,160,46,15540,62,,13,38299,
01/04/1976,6645,,6957,4226,2274,2946,23048,,,159,48,15447,63,,18,38575,
01/05/1976,6815,,6970,4226,2261,2945,23217,,,159,47,15330,64,,16,38627,
01/06/1976,6935,,7210,3941,2284,3243,23613,,,157,49,15212,65,,25,38916,
01/07/1976,7085,,7210,3941,2284,3243,23763,,,157,48,15117,66,,19,38966,
01/08/1976,7255,,6997,4342,2298,3393,24284,,,157,49,15033,67,,19,39404,
01/09/1976,7375,,6920,4342,2374,3393,24404,,,157,48,14962,68,,17,39451,
01/10/1976,7525,,7157,3699,3021,3457,24859,,,157,52,14932,69,,18,39877,
01/11/1976,7695,,7089,3699,3089,3457,25029,,,157,51,16710,70,,16,41824,
01/12/1976,7845,,7011,3775,3086,3758,25476,,,162,54,16590,70,,16,42152,
01/01/1977,7965,,7011,3774,3088,3758,25596,,,162,53,16517,70,,14,42197,
01/02/1977,8135,,7244,4367,2805,4058,26609,,,162,55,16433,71,,15,43127,
01/03/1977,8255,,7244,4359,2805,4050,26713,,,170,53,16331,72,,13,43129,
01/04/1977,8430,,7244,4584,2680,4224,27162,,,169,55,16263,74,,15,43512,
01/05/1977,8650,,7300,4584,2955,4424,27913,,,169,55,16180,75,,13,44181,
01/06/1977,8850,,7300,4584,2955,4425,28114,,,170,54,16100,77,,12,44302,
01/07/1977,9010,,6776,5185,2904,4750,28625,,,170,57,16033,78,,19,44754,
01/08/1977,9035,,7066,4895,2904,4750,28650,,,170,56,15976,79,,15,44719,
01/09/1977,9465,,6690,5195,3105,5128,29582,,,172,59,15919,80,,21,45602,
01/10/1977,9780,,7145,4995,3340,5291,30551,,,175,60,15910,80,,15,46556,
01/11/1977,9915,,7140,4995,3345,5291,30686,,,175,59,18299,81,,13,49080,
01/12/1977,10315,,7729,4420,3700,5665,31828,,,174,61,18250,82,,12,50172,
01/01/1978,10680,,7521,4420,3700,5665,31985,,,174,60,18207,82,,24,50298,
01/02/1978,10820,,8065,3995,3825,5965,32670,,,174,61,18137,82,,18,50906,
01/03/1978,11295,,8056,3995,3827,5948,33121,,,181,60,18036,84,,13,52104,
01/04/1978,11620,,8153,4505,4112,6458,34848,,,1037,62,17962,85,,12,54439,
01/05/1978,11595,,8153,5169,4384,6808,36108,,,1622,63,17846,87,,11,54950,
01/06/1978,11950,,8928,4400,4639,6540,36457,,,1615,61,17738,88,,11,55633,
01/07/1978,12285,,8353,4825,4639,6990,37092,,,1615,64,17660,89,,15,56420,
01/08/1978,12505,,8404,5074,4639,7440,38062,,,1615,66,17577,90,,12,57641,
01/09/1978,12770,,8404,7124,2706,7455,38459,,,1747,65,17502,91,,11,58796,
01/10/1978,12895,,8030,7591,3055,8314,39884,,,2621,69,17380,92,,14,60455,
01/11/1978,12985,,8030,7591,3055,8314,39974,,,2621,68,20378,93,,13,63544,
01/12/1978,13135,,7774,7799,2971,8878,40556,,,2683,71,20183,94,,14,64310,
01/01/1979,13260,,7774,7798,2971,8878,40681,,,2683,70,19922,94,,10,64170,
01/02/1979,13385,,8467,7331,3096,9228,41506,,,2683,72,19690,94,,10,64763,
01/03/1979,13535,,8542,7461,3992,10312,43843,,,3319,77,19443,96,,9,67287,
01/04/1979,13685,,8892,7179,3598,10312,43666,,,3317,76,19295,97,,11,64764,
01/05/1979,13835,,8892,7489,3288,11162,44666,,,3317,79,19115,103,,9,65588,
01/06/1979,14010,,8407,8456,2709,11668,45250,,,3362,81,18934,105,,11,66009,
01/07/1979,14160,,9407,7955,2710,12168,46400,,,3362,82,18789,106,,10,67013,
01/08/1979,14385,,9407,8155,2710,12968,47625,,,3362,84,18560,108,,9,68010,
01/09/1979,14535,,9407,8174,2738,12963,47816,,,3402,83,18372,109,,9,68034,
01/10/1979,14685,,9115,7999,3137,13363,48299,,,3402,86,18184,110,,26,68346,
01/11/1979,14985,,9115,7999,3137,13363,48599,,,3402,85,19183,111,,18,69406,
01/12/1979,15260,,9165,8358,3249,14117,50148,,,3406,86,18854,112,,15,70600,
01/01/1980,15560,,9165,8430,3176,14117,50448,,,3406,85,18652,112,,13,70347,
01/02/1980,15965,,9396,8205,3226,14717,51509,,,3406,87,18445,112,,16,71204,
01/03/1980,16325,,9546,9323,2846,14984,53025,,,3312,86,18182,113,,12,72721,
01/04/1980,16745,,9386,9024,2845,14794,52795,,,3311,85,17481,115,,18,72157,
01/05/1980,17970,,10853,8208,3195,14894,55120,,,3311,83,16749,126,,10,73393,
01/06/1980,18625,,10790,8255,3797,15476,56943,,,3345,84,16504,128,,13,74710,
01/07/1980,18740,,10790,8980,3497,15951,57958,,,3345,84,16403,129,,10,75623,
01/08/1980,19390,,10773,8980,3947,16401,59491,,,3345,84,16348,130,,17,77103,
01/09/1980,19785,,12766,7002,3955,16413,59921,,,3380,83,16289,132,,13,77496,
01/10/1980,20260,,12936,7927,3335,16788,61246,,,3379,83,16176,133,,15,78712,
01/11/1980,20460,,12936,7927,3335,16788,61446,,,3379,82,17749,134,,14,80485,
01/12/1980,20735,,12677,8968,3206,17202,62788,,,3352,82,17523,134,,19,82659,
01/01/1981,21015,,12677,8968,3206,17202,63068,,,3352,81,16913,135,,15,81609,
01/02/1981,21350,,13177,8693,3206,17702,64128,,,3352,82,16410,135,,16,82167,
01/03/1981,21770,,13312,9515,3188,18197,65981,,,3236,81,15966,136,,13,83497,
01/04/1981,22035,,13604,9122,3187,18075,66024,,,3235,80,15768,138,,13,82989,
01/05/1981,22235,,13885,9342,3187,18075,66724,,,3235,79,15334,141,,12,83611,
01/06/1981,22390,,14296,8807,3181,18335,67009,,,3165,80,14874,143,,18,83385,
01/07/1981,22795,,14546,9607,3181,18685,68814,,,3165,79,14676,144,,12,85828,
01/08/1981,22810,,14995,9157,3181,18685,68828,,,3165,78,14417,146,,11,86183,
01/09/1981,22890,,15016,9171,3190,18688,68955,,,3212,77,14245,147,,10,85322,
01/10/1981,22760,,16192,8906,2779,18688,69324,,,3211,76,14251,148,,10,85457,
01/11/1981,21975,,16192,9265,2779,18688,68899,,,3570,76,25772,149,,9,96311,
01/12/1981,20700,,16594,8581,2788,18676,67338,,,3590,78,25592,150,,14,94148,
01/01/1982,19915,,16663,8512,2788,18676,66553,,,3590,78,25464,151,,9,93231,
01/02/1982,19365,,16345,8562,2787,18676,65735,,,3590,79,25306,152,,20,92267,
01/03/1982,19375,,17729,8057,2785,18901,66847,,,3867,78,25108,154,,11,92670,
01/04/1982,19650,,17054,8057,2889,18738,66388,,,3971,78,24967,156,,13,92485,
01/05/1982,19952,,18954,6657,2889,18888,67338,,,3971,77,24790,159,,9,93625,
01/06/1982,20150,,19102,7901,3092,18926,69171,,,5054,76,24613,162,,9,97405,
01/07/1982,20575,,19001,8376,2567,18926,69445,,,5054,75,24438,164,,14,96544,
01/08/1982,21550,,19151,8976,2567,18926,71170,,,5054,73,24279,165,,11,97332,
01/09/1982,22825,,19244,9538,2764,18669,73040,,,4798,71,24157,166,,8,98312,
01/10/1982,24625,,19204,9524,2993,18969,75315,,,4797,70,24106,168,,28,99937,
01/11/1982,25425,,19379,9723,3493,19494,77514,,,4797,69,33733,169,,10,112748,
01/12/1982,25725,,19037,9896,4644,18974,78276,,,4891,70,33584,170,,35,112434,
01/01/1983,26200,,19037,9882,4658,18974,78751,,,4891,68,33308,171,,12,112611,
01/02/1983,26725,,19137,9827,5338,19062,80089,,,4891,68,33062,171,,14,113704,
01/03/1983,29125,,18721,10041,5516,19067,82471,,,4872,67,32753,171,,16,115774,
01/04/1983,31100,,18536,10181,6116,19352,85285,,,4562,66,32536,174,,13,118370,
01/05/1983,32250,,17856,9633,7042,19800,86580,,,4256,66,32254,176,,27,119399,
01/06/1983,33325,,18962,9044,7383,19986,88699,,,4200,66,31986,179,,12,121235,
01/07/1983,34725,,19402,8778,7792,20201,90899,,,4200,65,31760,181,,10,123208,
01/08/1983,36275,,19402,8878,8092,20451,93099,,,4200,64,31541,182,,9,125191,
01/09/1983,37825,,17708,9223,8974,21429,95159,,,4203,65,31352,183,,98,127159,
01/10/1983,39300,,17862,9302,9514,21454,97431,,,4326,65,31313,185,,61,129356,
01/11/1983,38975,,18331,9107,9514,21879,97806,,,4326,65,40104,186,,39,138502,
01/12/1983,39025,,17952,9336,10114,21962,98388,,,4337,65,39704,186,,41,138694,
01/01/1984,39050,,17950,9336,10115,21961,98413,,,4337,65,39328,186,,32,138335,
01/02/1984,40300,,18192,8495,11039,22611,100638,,,4337,66,38868,186,,33,140101,
01/03/1984,41700,,19418,7683,11301,22880,102982,,,4306,65,38403,189,,26,142507,
01/04/1984,42825,,18164,8130,11739,23130,103988,,,4305,65,37955,191,,31,143074,
01/05/1984,44425,,18097,8477,12387,23430,106815,,,4457,64,37268,194,,26,146019,
01/06/1984,46700,,18872,7681,13657,23590,110500,,,4517,64,36122,198,,32,148597,
01/07/1984,47825,,19918,6881,14237,23615,112475,,,4517,64,35532,200,,26,151277,
01/08/1984,49900,,19378,7724,14702,24365,116068,,,4517,64,34441,201,,28,152199,
01/09/1984,51150,,20635,6937,14740,25165,118627,,,4427,64,34099,203,,25,154652,
01/10/1984,52750,,19807,7423,15103,26340,121423,,,4426,65,33893,203,,30,157248,
01/11/1984,49950,,20124,7294,15190,27115,119673,,,4426,67,43858,205,,23,164929,
01/12/1984,49675,,20061,7590,15835,27067,120229,,,4410,67,43498,205,,29,165110,
01/01/1985,50250,,18427,7940,17405,27067,121090,,,4410,67,43106,205,,22,165573,
01/02/1985,50350,,18981,8183,18050,27110,122674,,,4410,67,42679,205,,21,168560,
01/03/1985,52300,,20182,9110,17999,27035,126626,,,4972,66,42167,205,,22,172101,
01/04/1985,53900,,20253,9110,19027,27035,129325,,,4971,66,41770,207,,20,173858,
01/05/1985,55300,,20231,11550,18194,27835,133109,,,4971,66,41312,210,,22,177052,
01/06/1985,56350,,20662,11561,18647,28181,135402,,,4964,66,40925,309,,20,178852,
01/07/1985,57400,,19826,12468,20640,28506,138840,,,6177,66,40578,311,,22,180929,
01/08/1985,60250,,19783,12468,21133,28506,142140,,,6177,64,40255,313,,19,183884,
01/09/1985,62100,,19870,13227,21262,28841,145300,,,6387,64,39998,338,,21,187346,
01/10/1985,64550,,19393,13137,22242,29231,148554,,,6042,64,39882,352,,21,190499,
01/11/1985,62850,,19866,12878,23458,29606,148658,,,6971,65,50183,366,,17,201464,
01/12/1985,59400,,19744,13343,24524,28996,146008,,,7163,66,49493,375,,22,199193,
01/01/1986,56950,,19230,13343,25038,28996,143557,,,7163,67,48568,394,,17,196951,
01/02/1986,59500,,19163,14826,26726,29346,149561,,,9299,66,46068,394,,18,202037,
01/03/1986,61950,,19322,14462,27391,29319,152443,,,9331,65,44607,445,,30,202005,
01/04/1986,63250,,19715,14493,27567,30746,155771,,,9330,65,44045,506,,18,204052,
01/05/1986,65600,,19555,15784,27402,30671,159011,,,9330,64,43501,790,,19,206406,
01/06/1986,66450,,20115,15731,28467,29838,160600,,,9399,63,43015,1128,,20,208018,
01/07/1986,66250,,21432,16359,28551,30163,162754,,,10107,63,42465,1351,,17,209015,
01/08/1986,66750,,21815,16416,28611,30163,163754,,,10107,62,42056,1457,,16,209766,
01/09/1986,67100,,22011,16474,29241,30436,165263,,,10290,62,41726,1570,,15,210626,
01/10/1986,70550,878,22467,15642,30649,30736,170922,,,10289,61,41569,1571,,17,216131,
01/11/1986,68100,1243,22895,14724,31223,30736,168920,,,9873,62,45641,1574,,15,218203,
01/12/1986,69700,1297,23956,15452,30084,31082,171569,,,9820,61,45185,1601,,20,220372,
01/01/1987,71450,1175,23950,15602,31039,31507,174723,,,9820,60,44869,1601,,16,223212,
01/02/1987,74550,1261,25391,15530,30016,32257,179005,,,9820,59,44338,1613,,15,226975,
01/03/1987,76950,1045,25426,14844,31630,31740,181635,,,9120,59,43854,1796,,18,229349,
01/04/1987,79950,1112,25321,15983,31494,31740,185601,,,9119,58,43502,1933,,15,233097,
01/05/1987,76900,1373,26622,14323,33362,31081,183662,,,9119,59,43004,1936,,20,230668,
01/06/1987,78250,1667,25181,16088,33655,31097,185938,,,8951,59,42366,2189,,33,232603,
01/07/1987,80000,1670,25242,17137,33644,31422,189115,,,8951,58,41832,2293,,24,235341,
01/08/1987,80250,1585,26467,16187,33644,31897,190030,,,8951,58,41324,2294,,20,235744,
01/09/1987,81450,1465,27156,17336,32721,32335,192463,,,8806,57,40882,2345,,21,237757,
01/10/1987,85000,1456,27677,17164,33021,32185,196503,,,8748,56,41747,2350,,20,242665,
01/11/1987,77200,1473,26946,17664,33471,32185,188938,,,8492,58,54117,2493,,36,247630,
01/12/1987,74200,1391,26701,19659,32016,32452,186418,,,9004,59,53799,2492,,34,245199,
01/01/1988,74400,1336,26701,19659,32466,32452,187014,,,9004,59,53625,2492,,23,245608,
01/02/1988,77500,1241,27304,20605,31741,32802,191193,,,9004,58,53071,2492,,31,249242,
01/03/1988,81050,1045,26908,19790,32972,32667,194431,,,8438,57,52558,2492,,36,251774,
01/04/1988,83650,1078,26908,19908,33781,32658,197982,,,8431,56,52191,2493,,27,254951,
01/05/1988,83900,1166,28224,20142,33281,32658,199370,,,8431,56,51683,2635,,20,255966,
01/06/1988,88100,881,28217,20702,33274,33451,204624,,,7945,55,51129,2858,,20,260697,
01/07/1988,88400,1107,29917,21802,30749,34151,206125,,,7945,54,50654,2981,,16,260749,
01/08/1988,86800,1063,29917,22402,31249,34151,205581,,,7945,54,50191,2981,,14,259740,
01/09/1988,88600,899,31724,21741,30981,34877,208822,,,7924,54,49719,2981,,15,262495,
01/10/1988,93600,1275,30683,23048,31282,34526,214414,,,7316,53,49363,3004,,24,267763,
01/11/1988,91850,1070,30058,23048,31882,34526,212435,,,7316,53,53970,3006,,41,270410,
01/12/1988,95100,1245,31734,21975,32645,33801,216499,,,7356,52,53318,3007,,29,273856,
01/01/1989,95200,1185,31734,21975,33895,33801,217789,,,7356,52,52750,3006,,19,274567,
01/02/1989,101000,1109,32630,22279,32576,34087,223680,,,7048,50,48944,3006,,22,276654,
01/03/1989,102700,1131,32910,22722,31851,34937,226251,,,6672,51,47048,3006,,30,277268,
01/04/1989,105800,1148,33256,23119,31377,34937,229636,,,6566,50,45612,3007,,28,279216,
01/05/1989,108250,1131,33274,24175,30177,34937,231944,,,6440,49,43985,3011,,18,279676,
01/06/1989,114850,1078,35414,22029,29510,35462,238343,,,6292,48,42774,3068,,31,284882,
01/07/1989,114400,1117,35249,20981,30385,35912,238044,,,5754,48,42258,3070,,45,284082,
01/08/1989,116550,1260,34807,20981,32535,36462,242595,,,5754,48,41813,3070,,29,288171,
01/09/1989,115900,871,35947,20119,32491,37212,242540,,,5739,48,41451,3070,,24,287762,
01/10/1989,115550,910,35222,23419,29904,37923,242928,,,5413,49,41304,3070,,31,288010,
01/11/1989,118800,1030,34841,22919,30654,38673,246917,,,5207,48,42951,3072,,28,292968,
01/12/1989,120550,788,36149,23486,31768,36373,249113,,,5070,48,42497,3072,,39,294721,
01/01/1990,119100,1029,36149,24336,32418,36373,249404,,,5070,48,42218,3071,,21,294715,
01/02/1990,118150,1050,36506,23661,32268,38398,250032,,,5070,48,41365,3071,,78,294547,
01/03/1990,118550,1446,35442,26982,30464,39157,252041,,,4364,49,40207,3073,,29,295349,
01/04/1990,122900,884,36360,28278,29819,39097,257338,,,4263,48,39058,3075,,23,299494,
01/05/1990,123050,955,35795,27146,31303,39055,257302,,,4031,49,36974,3079,,29,297385,
01/06/1990,124150,993,37040,29372,28192,39905,259651,,,4092,48,35839,3458,,28,298976,
01/07/1990,125050,864,39122,26839,31268,38180,261323,,,4092,48,35382,3460,,38,300203,
01/08/1990,130900,895,37597,26889,33768,38780,268828,,,4092,48,34901,3460,,63,307252,
01/09/1990,130300,849,40227,24438,34153,39230,269198,,,4257,48,34651,3460,,49,307358,
01/10/1990,131750,1008,41230,23997,33620,40530,272134,,,4257,48,34374,3459,,44,310012,
01/11/1990,133800,1074,41230,24574,33842,41230,275750,,,4257,48,34774,3481,,34,314039,
01/12/1990,135400,1122,42216,26827,31383,42196,279143,,,4327,48,34406,3493,,45,317087,
01/01/1991,138750,1089,42216,26827,31383,42896,283160,,,4327,48,34256,3493,,33,320942,
01/02/1991,138000,998,43411,25512,31623,45121,284665,,,3641,49,34041,3493,,31,322230,
01/03/1991,139150,1008,44704,26609,32197,43646,287314,,,3555,49,33781,3492,,53,324640,
01/04/1991,142900,1028,45722,25584,32013,43646,290893,,,3364,48,33594,3495,,33,328015,
01/05/1991,143250,965,45606,27684,31138,44071,292714,,,3364,49,33362,3499,,50,329625,
01/06/1991,144300,876,46625,29193,33613,41321,295928,,,3342,49,33195,3503,,36,332661,
01/07/1991,146450,888,45575,28568,33688,43822,298990,,,3342,50,33060,3505,,36,335591,
01/08/1991,149600,971,45575,28568,34588,44622,303923,,,3342,50,32915,3504,,24,340367,
01/09/1991,150200,656,44492,28657,35683,46322,306010,,,3368,50,32796,3504,,40,342350,
01/10/1991,149050,195,47100,29082,34631,46948,307006,,,3368,51,32593,3503,,27,343130,
01/11/1991,147900,117,47070,29076,35633,47918,307714,,,3368,51,36075,3503,,22,347314,
01/12/1991,147600,44,48228,26514,39558,46494,308438,,,3539,53,35833,3503,,47,347820,
01/01/1992,149400,31,48228,26514,39558,47344,311074,,,3539,53,35658,3502,,29,350264,
01/02/1992,150250,31,48082,25414,40971,47131,311878,,,3539,52,35334,3502,,29,350743,
01/03/1992,152300,0,50723,25144,37921,47806,313893,,,3535,52,35031,3501,,29,352454,
01/04/1992,157250,0,52066,23794,40871,44856,318836,,,3528,51,34737,3501,,26,357100,
01/05/1992,153000,0,51907,26170,43045,43906,318027,,,3369,52,34450,3503,,20,356001,
01/06/1992,158500,0,52987,23085,44545,43906,323024,,,2715,51,34230,3507,,62,360823,
01/07/1992,163050,0,51342,27132,43145,43906,328575,,,2715,51,34015,3509,,82,366181,
01/08/1992,162350,0,51342,28832,43145,44906,330575,,,2715,51,33863,3509,,64,368011,
01/09/1992,161300,0,51144,28903,44845,46406,332598,,,2862,51,33705,3508,,56,369867,
01/10/1992,159700,0,51496,30925,43570,48106,333798,,,2862,52,33403,3508,,49,370757,
01/11/1992,156600,0,53119,28802,43570,49406,331498,,,2862,52,35627,3507,,42,370674,
01/12/1992,159450,946,54616,25777,46795,47782,335366,,,2884,52,34973,3507,,39,373885,
01/01/1993,157650,1899,54616,27577,46795,49182,337718,,,2884,52,34794,3507,,30,376050,
01/02/1993,157950,2184,57537,27606,44695,48982,338954,,,2884,53,34280,3506,,33,376773,
01/03/1993,162050,2552,60879,29228,42273,48982,345964,,,2926,52,33884,3505,,27,383381,
01/04/1993,165900,2745,59954,31028,42273,50082,351982,,,2926,52,33619,3505,,27,389133,
01/05/1993,165850,2657,61529,27728,43673,52007,353444,,,2926,52,33401,3504,,31,390380,
01/06/1993,168150,2464,63677,25553,52373,45107,357324,,,3043,51,33187,3503,,30,394044,
01/07/1993,168300,2762,60650,27553,52373,48007,359646,,,2087,53,32995,3502,,31,396174,
01/08/1993,166300,4071,64450,23753,52373,49807,360754,,,2087,53,32854,3501,,25,397134,
01/09/1993,165450,4771,62940,28698,49173,51607,362639,,,2172,53,32697,3500,,39,398876,
01/10/1993,169300,5917,64240,30173,46744,52137,368510,,,2172,53,32411,3500,,35,404456,
01/11/1993,168900,6059,64240,30173,46744,54037,370152,,,2172,53,32318,3500,,26,405996,
01/12/1993,165900,6579,64470,32448,57669,45837,372903,,,2152,54,31814,3499,,29,408246,
01/01/1994,167500,6179,64470,32448,57669,47837,376103,,,2152,53,31581,3499,,25,411208,
01/02/1994,167000,4763,61870,35091,59869,49737,378330,,,4795,55,31172,3499,,28,413029,
01/03/1994,166000,5649,64671,38515,55469,49737,380040,,,5019,55,30866,3498,,29,414433,
01/04/1994,167600,6131,63646,38515,57469,51637,384997,,,5019,55,30179,3497,,31,418704,
01/05/1994,166700,6607,63322,37639,57469,54837,386573,,,5019,56,29675,3496,,34,419777,
01/06/1994,167550,7763,65210,37638,68119,46788,393067,,,5018,55,29210,3494,,38,425810,
01/07/1994,166000,7903,71537,33438,70119,48788,397785,,,7794,55,28686,3494,193,34,430191,
01/08/1994,163350,6938,71537,33438,70119,52188,397569,,,7794,57,28480,3493,193,28,429765,
01/09/1994,165300,6329,70483,41859,63919,52688,400578,,,7561,57,28302,3492,193,29,432594,
01/10/1994,168650,5368,70258,39612,66566,51813,402267,,,7561,56,27933,3492,0,45,433737,
01/11/1994,162600,4641,70258,39612,66566,55113,398790,,,7561,58,32807,3491,0,31,435118,
01/12/1994,159550,5649,70169,42953,71141,49814,399276,,,7889,58,32583,3491,0,35,435385,
01/01/1995,158250,8781,70169,42953,71141,49814,401108,,,7889,58,32342,3490,0,29,436969,
01/02/1995,160700,8501,75669,36353,73041,51164,405428,,,7889,58,31459,3490,0,27,440404,
01/03/1995,164450,9046,73057,41476,69466,49389,406884,,,7875,58,30756,3488,0,41,441169,
01/04/1995,170450,7604,71707,43976,69466,51289,414491,,,7875,57,30548,3488,0,37,448563,
01/05/1995,168200,5773,71707,47607,67891,54839,416016,,,9931,58,30148,3486,0,32,449681,
01/06/1995,168200,5265,71110,47556,70291,54839,417262,,,9783,58,29884,3485,329,37,450997,
01/07/1995,164950,5201,70934,53231,71856,54839,421011,,,11647,58,29697,3484,782,33,455006,
01/08/1995,166300,4620,70934,53231,71856,58739,425681,,,11647,59,29542,3483,782,29,459517,
01/09/1995,167700,4411,76126,55124,67004,57364,427729,,,11404,58,29365,3482,452,28,461057,
01/10/1995,167700,4248,78474,52024,69304,57364,429113,,,11404,58,28995,3482,67,31,461688,
01/11/1995,163900,4096,81403,46924,69304,60464,426090,,,10734,59,31520,3481,598,28,461717,
01/12/1995,160100,4130,83495,45227,79237,52765,424954,,,10912,59,31418,3481,598,31,460480,
01/01/1996,157600,4044,83495,45227,81337,52765,424468,,,10912,59,31258,3480,531,26,459763,
01/02/1996,160400,5028,81359,42924,80912,56215,426838,,,9548,60,30980,3479,0,27,461323,
01/03/1996,166100,6986,83742,48798,71905,57790,435321,,,9824,60,30801,3478,0,31,469631,
01/04/1996,162500,6947,84259,51693,71905,57790,435094,,,10435,60,30688,3477,0,24,469285,
01/05/1996,162200,6982,81033,54440,70580,61590,436826,,,11933,61,30517,3476,0,29,470849,
01/06/1996,158500,6747,82487,57994,69637,61991,437355,,,12571,61,30384,3475,526,29,471769,
01/07/1996,154200,6936,82706,60794,72237,61991,438862,,,12789,61,30245,3474,892,25,473497,
01/08/1996,153900,6812,84506,55194,73603,65891,439904,,,14155,63,30110,3473,892,25,474405,
01/09/1996,152200,6588,90919,54589,68396,66291,438982,,,14212,63,29998,3472,366,32,472849,
01/10/1996,149800,6979,88021,58095,68188,67666,438748,,,14212,63,29679,3471,0,28,471927,
01/11/1996,142000,6933,88021,58095,68188,71566,434802,,,14212,65,33602,3470,316,25,472215,
01/12/1996,135200,6928,94416,61442,73460,62867,434312,,,14426,66,33409,3470,316,22,471528,
01/01/1997,131150,6895,94436,64142,73460,62867,432950,,,14446,65,33357,3469,316,21,470113,
01/02/1997,128400,7119,99936,58992,73247,66467,434161,,,14583,66,33072,3469,0,20,470721,
01/03/1997,135400,8436,102211,51830,75957,66642,440475,,,14581,66,32911,3468,0,26,476879,
01/04/1997,131700,7472,101907,57280,70507,66642,435506,,,14276,66,32772,3466,0,21,471765,
01/05/1997,125800,7528,104669,55478,68657,70342,432472,,,14262,67,32568,3465,0,31,468535,
01/06/1997,120400,8135,108129,55473,80747,61342,434226,,,14208,67,32321,3463,452,23,470485,
01/07/1997,122100,6567,104250,54390,80747,61403,429457,,,13506,67,32147,3462,839,32,465937,
01/08/1997,117500,7457,104250,54390,80747,65003,429347,,,13506,69,31997,3461,839,24,465667,
01/09/1997,115300,7175,111153,53332,75448,65403,427812,,,13453,69,31878,3460,387,22,463559,
01/10/1997,119900,7377,108343,53332,76586,64703,430241,,,13856,68,31544,3459,0,25,465270,
01/11/1997,116400,7656,108364,53332,76627,68203,430582,,,13918,69,31692,3458,169,23,465925,
01/12/1997,108800,7982,112575,56987,75214,68606,430164,,,14473,69,31246,3458,169,19,465057,
01/01/1998,107400,7912,113148,56415,75214,68606,428694,,,14473,69,31012,3458,0,18,463182,
01/02/1998,109200,8970,107000,61536,72577,72043,431326,,,17346,70,30669,3458,0,28,465481,
01/03/1998,112300,9356,114759,48923,76378,71693,433409,,,17766,70,30302,3456,0,29,467196,
01/04/1998,108100,8521,114688,48824,76378,71693,428204,,,17596,70,29964,3455,0,22,461645,
01/05/1998,99200,8019,116903,46022,76378,75593,422115,,,17010,72,29700,3453,58,20,455346,
01/06/1998,94700,8092,124155,49521,84668,63344,424480,,,17501,72,29348,3452,1061,19,458359,
01/07/1998,91600,8259,124133,49616,87913,63344,424865,,,20818,72,29139,3450,1577,17,459047,
01/08/1998,89500,9502,124243,49616,87913,65644,426418,,,20928,72,29002,3450,1553,16,460439,
01/09/1998,85900,11590,126140,46417,83737,66044,419828,,,22350,74,28816,3449,550,24,452668,
01/10/1998,86700,11233,124250,45855,84306,65319,417663,,,22841,73,28361,3448,928,25,450424,
01/11/1998,86200,11041,119150,45855,88100,70402,420747,,,27718,75,29227,3447,1291,23,454735,
01/12/1998,87100,10153,124099,53027,79163,70804,424346,,,27679,75,29126,3446,1291,24,458233,
01/01/1999,83800,8554,124559,53027,79163,70804,419907,,,28139,74,29042,3446,397,23,452814,
01/02/1999,86000,9003,121902,54646,76907,72877,421335,,,25118,74,28883,3446,119,22,453804,
01/03/1999,96950,10171,112953,54221,80084,73493,427872,,,25837,74,28810,3444,619,28,460772,
01/04/1999,92900,8974,118403,48771,81784,71793,422625,,,25837,74,28748,3443,1219,26,456060,
01/05/1999,87000,8073,120253,46921,81784,76093,420124,,,25837,75,28604,3437,1450,25,453639,
01/06/1999,84600,7435,123572,55127,85275,66125,422135,,,24898,75,28364,3435,1625,23,455581,
01/07/1999,87750,6569,124816,53664,85275,66125,424200,,,24679,73,28209,3434,1875,22,457740,
01/08/1999,89500,6408,119106,53664,87880,68321,424879,,,24569,73,28079,3432,1925,22,458338,
01/09/1999,93150,6221,117004,51523,79967,68621,416487,,,24414,75,27951,3431,1167,29,449065,
01/10/1999,93300,5946,116477,55034,80459,69318,420534,,,24414,75,27745,3430,934,30,452673,
01/11/1999,92900,5458,116477,59328,81411,71918,427492,,,27359,75,27677,3429,392,27,459017,
01/12/1999,93450,4753,117807,65342,73214,72220,426786,,,26733,74,27776,3428,300,36,458326,
01/01/2000,91500,4604,117800,65342,73214,72220,424679,,,26725,74,27520,3428,350,23,456001,
01/02/2000,91600,4995,117547,60053,75889,74445,424529,,,26684,74,27207,3428,350,19,455533,
01/03/2000,99850,6008,106636,61385,74766,77095,425739,,,26631,75,27098,3427,0,22,456286,
01/04/2000,92600,5548,106136,61385,74766,78995,419429,,,26631,77,27039,3425,0,20,449913,
01/05/2000,90900,6083,102387,61150,77337,81595,419453,,,24457,77,26861,3414,200,19,449947,
01/06/2000,87300,5936,113043,54346,90460,69071,420157,,,24957,77,26552,3412,700,18,450839,
01/07/2000,83100,5494,110064,56471,88239,69071,412440,,,24957,77,26373,3411,950,18,443191,
01/08/2000,86000,5129,110064,56471,90939,71171,419775,,,24957,76,26208,3410,500,16,449908,
01/09/2000,79800,4681,114580,59039,78678,71521,408299,,,25079,78,26076,3408,250,15,438048,
01/10/2000,79500,4811,115072,58480,78872,75258,411994,,,25012,79,25877,3407,100,12,441391,
01/11/2000,79100,4959,118572,58480,81372,75258,417741,,,25012,77,25962,3406,0,11,447121,
01/12/2000,78700,5662,119852,57420,73281,75610,410525,,,25142,78,25980,3406,0,15,439925,
01/01/2001,79600,6164,118752,57420,73281,78110,413327,,,24542,78,26133,3405,0,12,442877,
01/02/2001,81700,6053,120354,55538,75668,78045,417359,,,25010,76,26461,3405,0,12,447237,
01/03/2001,88700,7228,109640,57147,76644,77144,416503,,,26696,76,26457,3404,0,20,446383,
01/04/2001,88000,6753,108989,57004,76550,78794,416090,,,26585,77,26451,3402,0,20,445962,
01/05/2001,87700,8177,105025,57004,76316,81129,415350,,,24946,77,26415,3399,0,21,445185,
01/06/2001,84100,6692,107384,48151,91399,68207,405933,,,23824,79,26276,3397,0,20,435627,
01/07/2001,82600,6316,105884,48151,93543,67963,404456,,,23824,79,26204,3396,0,19,434075,
01/08/2001,84300,6111,108634,49273,94521,67963,410801,,,23824,77,26127,3394,0,18,440340,
01/09/2001,84700,5212,111061,48689,85125,68266,403053,,,25042,78,26078,3393,0,18,432543,
01/10/2001,87500,5616,108241,49229,84242,72266,407094,,,25042,79,25945,3392,0,35,436465,
01/11/2001,94200,5144,116145,44568,86295,72266,418619,,,25042,77,24373,3390,0,32,446415,
01/12/2001,95000,4729,116712,45885,77230,72619,412174,,,25214,77,24437,3390,0,32,440033,
01/01/2002,93800,3907,116234,45885,77230,74619,411674,,,24736,78,24318,3389,0,30,439411,
01/02/2002,94400,3950,114060,45850,79580,76617,414456,,,24577,78,24216,3388,0,30,442090,
01/03/2002,94200,3355,116063,45295,79125,76980,415019,,,24554,78,24229,3386,0,30,442664,
01/04/2002,98500,3382,108613,45295,79011,79317,414118,,,24554,78,24161,3384,0,43,441707,
01/05/2002,102200,3207,109334,45295,81411,79340,420787,,,24554,76,24066,3381,0,46,448280,
01/06/2002,102900,3041,104845,54091,79699,72335,416912,,,23743,77,23912,3378,0,44,444246,
01/07/2002,101050,2909,103514,51367,80172,73405,412417,,,22227,78,23810,3376,0,41,439645,
01/08/2002,101650,2891,105514,50720,85047,72830,418653,,,22227,77,23726,3375,0,40,445794,
01/09/2002,102200,2947,110822,48588,75698,73134,413389,,,23261,78,23661,3374,0,39,440463,
01/10/2002,103850,3844,109038,48811,75390,72482,413416,,,23261,77,23394,3372,0,39,440221,
01/11/2002,106600,2700,111538,48831,77743,74682,422095,,,23261,76,22934,3371,0,38,448438,
01/12/2002,104350,2700,111333,41355,78111,74998,412846,,,23359,77,22897,3370,0,41,439155,
01/01/2003,103000,2538,109961,41358,77685,76094,410636,2575,413211,22562,79,22997,3372,0,31,437036,439611
01/02/2003,99950,2506,104399,41280,79834,78379,406348,2517,408865,19027,80,22976,3372,0,35,432731,435248
01/03/2003,104600,2603,106131,40313,79428,79297,412372,2698,415070,18879,79,22878,3371,0,33,438653,441351
01/04/2003,101100,2499,105975,39825,79563,79257,408218,2839,411057,18565,79,22860,3369,0,32,434478,437317
01/05/2003,107100,2268,104535,39558,79165,81360,413987,2919,416906,18017,77,22758,3366,0,30,440141,443060
01/06/2003,107500,2497,99080,51187,78024,72830,411118,2784,413902,17508,78,22631,3548,0,49,437346,440129
01/07/2003,110400,2518,98447,54073,75451,74433,415323,2794,418117,17992,78,22537,3546,0,47,441453,444247
01/08/2003,114300,2330,97028,51920,77753,74430,417762,2810,420572,17647,77,22472,3545,0,45,443824,446634
01/09/2003,112100,2599,100544,53027,69622,74349,412241,2825,415066,17613,79,22367,3544,0,44,438196,441021
01/10/2003,111700,2360,100233,51889,68900,76401,411483,2873,414356,17219,78,22290,3543,0,47,437363,440236
01/11/2003,119450,2046,98686,55209,65392,76478,417261,2905,420166,17173,77,22351,3541,0,45,443198,446104
01/12/2003,116800,2141,97510,49209,66868,77068,409597,2859,412456,17445,78,21846,3462,0,52,434956,437815
01/01/2004,110200,2333,97711,49354,67319,78570,405487,2905,408393,17844,80,21693,3462,0,51,430692,433598
01/02/2004,106700,2701,95596,48954,69472,80464,403887,2923,406809,17998,80,21549,3462,0,59,428956,431879
01/03/2004,113400,3364,95410,48773,70202,79267,410417,2940,413357,17630,79,21528,3427,0,55,435427,438367
01/04/2004,109600,2202,96093,50612,68897,79270,406674,2989,409664,18150,78,21519,3400,0,54,431647,434636
01/05/2004,113400,2419,95129,50395,70769,81054,413168,3056,416223,18179,78,21480,3414,0,53,438114,441169
01/06/2004,114200,2591,94314,52136,69382,73785,406408,3111,409519,17786,79,21418,3410,0,74,431310,434420
01/07/2004,115200,2218,91764,51458,69107,75242,404989,3294,408283,17630,79,21344,3408,0,69,429810,433104
01/08/2004,115300,2265,90828,51187,73352,74734,407666,3317,410982,17492,79,21278,3404,0,67,432415,435731
01/09/2004,113800,2121,95325,49899,62910,74968,399023,3307,402330,16924,80,21234,3402,0,64,423724,427031
01/10/2004,115200,1843,94862,49291,62344,76816,400357,3273,403629,16549,79,21173,3402,0,65,424996,428269
01/11/2004,120250,1842,91138,49230,64439,77114,404013,3288,407302,12757,79,20334,3400,0,64,427811,431099
01/12/2004,117050,1712,82333,48926,63767,77601,391389,3348,394736,12922,81,19640,3400,0,64,414493,417841
01/01/2005,114600,1849,81893,48915,63726,78599,389583,3435,393017,13129,82,19546,3400,0,63,412592,416026
01/02/2005,115700,2224,82172,48934,65726,80698,395455,3387,398841,13126,81,19368,3399,0,63,418284,421671
01/03/2005,127200,3862,82544,47656,64489,81340,407091,3374,410465,12729,78,19242,3393,0,67,429793,433167
01/04/2005,121500,2707,81559,47824,64623,81347,399559,3460,403019,13247,79,19182,3390,0,65,422197,425657
01/05/2005,122700,2481,81509,47566,66623,83446,404325,3584,407909,12938,78,19104,3388,0,63,426880,430464
01/06/2005,122300,2456,85234,49191,63747,75719,398647,3672,402319,12524,79,19018,3254,0,63,420982,424653
01/07/2005,123600,2155,86228,45676,64067,76793,398519,3691,402210,10659,80,18926,3252,0,62,420759,424450
01/08/2005,125400,2017,85159,45239,67837,76557,402208,3727,405936,10440,79,18842,3251,0,62,424363,428090
01/09/2005,122800,2032,91810,42314,59078,76683,394718,3793,398511,10083,80,18803,3225,0,63,416809,420602
01/10/2005,123800,2389,90602,42100,58955,76678,394524,3884,398408,10208,79,18734,3211,0,62,416531,420415
01/11/2005,124700,2144,92897,39084,60855,78427,398106,4084,402190,9987,79,17911,3197,0,61,419276,423359
01/12/2005,127100,2532,85782,39040,60785,79045,394285,4003,398287,9973,79,17848,3188,0,66,415387,419389
01/01/2006,122000,2072,85097,38994,60888,79865,388916,3945,392861,9886,81,17757,3169,0,65,409908,413853
01/02/2006,119900,1723,84486,38745,62026,81752,388631,3925,392556,9785,81,17584,3169,0,65,409450,413374
01/03/2006,131600,4734,85182,38503,61357,82345,403721,4069,407790,9584,78,17482,3102,0,65,424371,428439
01/04/2006,121100,2797,84984,37080,60790,84610,391360,4036,395396,9374,80,17387,3042,0,65,411854,415890
01/05/2006,123900,1889,84070,37078,62890,84589,394415,4164,398579,9307,79,17307,2757,0,64,414544,418708
01/06/2006,122000,1882,88038,41635,57552,77772,388879,4325,393204,9399,80,17226,2415,0,64,408584,412909
01/07/2006,120500,1820,87470,41624,58052,78893,388358,4442,392800,9527,80,17144,2192,0,64,407758,412200
01/08/2006,117800,1994,85845,41007,61741,78663,387050,4408,391458,8222,80,17080,2087,0,64,406281,410689
01/09/2006,121000,1969,93265,40212,52309,78663,387419,4426,391844,8265,80,17036,1973,0,63,406491,410917
01/10/2006,119700,1879,92711,39980,52130,81443,387843,4484,392327,8347,80,16997,1972,0,81,406892,411376
01/11/2006,127900,1959,95181,39575,53626,81313,399553,4352,403905,8670,78,15669,1969,0,75,417266,421618
01/12/2006,124700,1607,86476,39074,53965,81725,387547,4317,391863,8822,80,15597,1942,0,69,405155,409471
01/01/2007,119000,2090,85640,38890,53705,85085,384410,4373,388783,8839,82,15529,1942,0,68,401949,406322
01/02/2007,124000,1774,84429,38608,53940,85085,387836,4413,392249,8874,80,15394,1929,0,67,405226,409640
01/03/2007,134100,1847,84386,38451,53806,85620,398210,4459,402669,8813,78,15300,1742,0,68,415319,419779
01/04/2007,117000,1561,83036,38450,53744,88166,381956,4637,386594,8578,81,15212,1605,0,66,398840,403477
01/05/2007,113500,1670,84323,37825,55743,88165,381226,4860,386086,8192,81,15157,1602,0,65,398050,402910
01/06/2007,119200,1890,82986,45401,48393,81149,379020,4968,383988,8198,82,15047,1349,0,65,395481,400449
01/07/2007,115000,1994,82494,45401,48393,82300,375581,5092,380673,8270,83,14975,1244,0,65,391865,396957
01/08/2007,116300,2306,82324,47030,50867,82033,380861,5048,385909,8149,82,14922,1243,0,64,397090,402138
01/09/2007,110900,2012,85926,37924,51001,82466,370229,5074,375304,7900,84,14884,1192,0,64,386369,391443
01/10/2007,112500,1778,83366,37804,50998,84558,371004,5002,376006,7207,84,14829,1187,0,66,387086,392088
01/11/2007,117100,1428,86225,37883,51000,84559,378195,5048,383243,7661,82,13370,1044,0,66,392675,397723
01/12/2007,115800,1912,79009,37883,50999,85159,370762,4979,375740,7577,84,13322,1044,0,66,385193,390172
01/01/2008,114300,1972,78320,37727,51000,86259,369577,5051,374628,7737,84,13286,1044,0,65,383972,389023
01/02/2008,110900,2044,78052,37727,52936,88462,370119,5078,375198,7693,85,13207,1044,0,65,384435,389514
01/03/2008,117000,1484,77748,37209,52971,89074,375486,5032,380518,8232,83,13181,1042,0,67,389776,394808
01/04/2008,123000,1878,75825,37209,52970,91290,382173,5132,387305,8003,82,13179,1040,0,66,396459,401590
01/05/2008,128300,1390,78685,36915,54970,91290,391549,5237,396786,7867,80,13159,898,0,66,405671,410908
01/06/2008,130600,2251,80939,39409,50036,84984,388219,5481,393700,8133,82,13120,675,0,74,402088,407569
01/07/2008,132500,3568,76634,39409,52414,84806,389331,5774,395105,4848,82,13078,551,0,72,403031,408805
01/08/2008,130600,3625,79593,41234,52381,84806,392240,5991,398231,4925,81,13052,550,0,71,405913,411904
01/09/2008,133300,3818,80539,32216,52381,85283,387538,6122,393660,4883,82,13063,550,0,70,401221,407344
01/10/2008,152700,4862,79098,36716,55258,87513,416147,6073,422221,5411,78,13029,526,0,72,429774,435847
01/11/2008,170700,6921,79839,41216,55260,87657,441594,6098,447691,2479,74,12281,524,0,71,454469,460567
01/12/2008,176800,6971,75790,41216,55259,89057,445093,5800,450893,2627,74,12475,523,0,71,458161,463962
01/01/2009,186800,7871,80084,41216,60259,88839,465070,5682,470752,2512,72,12585,523,0,70,478249,483930
01/02/2009,188600,8620,83203,41216,65762,92139,479540,5464,485004,2533,71,12585,523,0,70,492718,498182
01/03/2009,192500,8708,84731,41926,67539,97686,493089,5382,498471,1941,71,12635,523,0,71,506318,511700
01/04/2009,184200,8019,82045,41926,70535,97965,484690,5597,490287,251,72,12708,521,0,70,497991,503587
01/05/2009,182000,7487,84426,41926,73530,99365,488735,5659,494393,230,73,12695,517,0,70,502017,507675
01/06/2009,191500,9368,96204,54024,62234,89011,502341,5648,507989,245,72,12650,459,0,71,515521,521169
01/07/2009,200400,6593,98846,57524,65229,88866,517457,5869,523326,227,70,12618,457,0,71,530603,536472
01/08/2009,190900,6051,101506,61024,71430,90866,521776,6005,527781,231,72,12590,456,0,71,534893,540898
01/09/2009,193200,5059,107905,53736,74429,93866,528194,5896,534090,3438,72,12572,456,0,70,541292,547188
01/10/2009,193600,4424,109920,53770,74430,95606,531750,5892,537642,3474,72,12529,456,0,72,544807,550699
01/11/2009,189900,3476,112904,53691,77428,99106,536505,5892,542397,3389,72,12217,454,0,72,549247,555139
01/12/2009,183000,3313,112381,71877,62428,99806,532805,5885,538690,3374,72,12147,454,0,71,545478,551363
01/01/2010,179500,3434,113888,71932,68394,99806,536953,6057,543010,6229,72,12099,454,0,71,549577,555634
01/02/2010,173900,3188,112397,75081,68294,104306,537166,5948,543114,6079,73,12022,454,0,71,549713,555661
01/03/2010,175900,2453,123500,68571,71170,104573,546167,6044,552211,5845,72,11953,452,0,71,558643,564687
01/04/2010,172600,2577,124615,68571,74631,104573,547567,6192,553760,5806,72,11882,449,0,71,559970,566162
01/05/2010,172500,2630,126810,71654,74495,109673,557762,6197,563959,5753,72,11838,445,0,71,570116,576313
01/06/2010,164900,2681,143914,70257,71533,96573,549857,6316,556174,5854,73,11752,65,0,73,561747,568064
01/07/2010,166500,2327,146514,70148,71607,99573,556669,6410,563079,5819,73,11707,62,0,72,568511,574921
01/08/2010,167400,2696,146316,73366,75132,99973,564883,6385,571268,5959,72,11662,62,0,72,576679,583064
01/09/2010,170700,2562,151482,63109,75702,101373,564928,6564,571492,5947,72,11614,62,0,72,576676,583240
01/10/2010,169800,2380,151668,62564,76108,104373,566892,6540,573432,5954,72,11558,62,0,73,578586,585126
01/11/2010,174800,2010,153943,61935,79434,105773,577895,6599,584494,5799,72,10833,40,0,73,588841,595440
01/12/2010,172700,2191,148243,76381,68089,106473,574077,6762,580840,5700,72,10762,27,0,73,584939,591701
01/01/2011,165000,2057,149812,76402,71368,106473,571112,6798,577910,5800,72,10670,27,0,73,581882,588680
01/02/2011,163600,2097,148110,79270,71305,109873,574255,6806,581061,5647,72,10451,27,0,73,584805,591611
01/03/2011,163000,1972,158675,72154,75140,109251,580192,6899,587091,5709,71,10351,27,0,81,590652,597551
01/04/2011,163500,2009,158962,72085,78693,109251,584500,6995,591495,5692,71,10266,23,0,80,594868,601863
01/05/2011,164200,2264,160777,78151,82179,111312,598883,7401,606284,5745,70,10218,19,0,79,609199,616600
01/06/2011,167400,2323,172521,74892,73917,101126,592179,7564,599743,5742,71,10160,14,0,83,602436,610000
01/07/2011,164900,2279,172775,74865,77365,101126,593310,7821,601131,5662,71,10112,11,0,82,603515,611335
01/08/2011,170000,2076,182837,68937,77435,102934,604219,7576,611795,5804,70,10072,11,0,81,614383,621959
01/09/2011,174500,2428,178800,76499,66933,103334,602493,7646,610140,6008,70,10049,11,0,81,612634,620281
01/10/2011,173100,2264,178115,76499,70379,105381,605740,7744,613484,5801,69,10004,11,0,80,615835,623580
01/11/2011,174600,2568,179558,79499,73864,106768,616857,7843,624701,5856,69,9467,11,0,80,626416,634259
01/12/2011,167800,2610,190724,67533,78902,102293,609862,7942,617803,5743,70,9428,11,0,79,619380,627322
01/01/2012,163900,2345,192045,70532,78886,102293,610002,7976,617978,5684,69,9346,11,0,79,619439,627415
01/02/2012,160300,2259,201505,64500,82400,104712,615676,7766,623443,8626,69,9259,11,0,79,625025,632792
01/03/2012,163400,2071,195964,75025,71924,105632,614015,7922,621938,8698,70,9181,11,0,79,623286,631209
01/04/2012,164900,2101,196235,77896,71879,105632,618642,8092,626734,8595,69,9112,11,0,79,627844,635936
01/05/2012,173400,2534,196814,78032,75218,109232,635230,8262,643492,8806,68,9094,8,0,78,644410,652672
01/06/2012,173200,2369,201766,71630,77804,99626,626395,8471,634866,8739,69,9056,3,0,78,635532,644003
01/07/2012,173500,2131,198720,71584,81095,102085,629114,8443,637558,8538,69,9028,0,0,78,638220,646663
01/08/2012,179200,2078,207669,65732,84506,102085,641269,8275,649544,8446,68,8989,0,0,78,650336,658611
01/09/2012,183200,2178,199937,75924,74353,103885,639477,8257,647734,8478,68,8966,0,0,78,648521,656778
01/10/2012,178300,2123,197199,78672,74417,106785,637495,8357,645852,8636,69,8912,0,0,78,646485,654841
01/11/2012,184400,2133,197483,78655,77811,106785,647267,8428,655695,8599,67,8209,0,0,78,655554,663982
01/12/2012,180000,2184,202460,70018,77850,109085,641597,8537,650134,8646,69,8084,0,0,78,649759,658296
01/01/2013,173800,2213,203559,70025,81335,109085,640017,8437,648454,8745,69,7983,0,0,78,648078,656515
01/02/2013,177300,2216,212801,64728,81321,112186,650553,8213,658766,8936,68,7877,0,0,78,658507,666720
01/03/2013,180700,2103,206376,74882,74432,113686,652178,8239,660417,8754,69,7812,0,0,78,660068,668307
01/04/2013,182600,2601,208544,77556,74481,116586,662368,8725,671093,8752,68,7739,0,0,78,670185,678910
01/05/2013,190700,2366,205753,80345,77922,120886,677973,8811,686784,8970,67,7706,0,0,77,685756,694567
01/06/2013,192800,2377,213047,70973,83885,105028,668110,8787,676897,9105,68,7662,0,0,77,675849,684636
01/07/2013,196200,2288,213289,70898,87280,107828,677783,8890,686673,8950,67,7628,0,0,77,685488,694378
01/08/2013,195400,2397,215246,65576,87330,110462,676411,8894,685305,9157,68,7596,0,0,76,684084,692978
01/09/2013,195900,2205,218346,65207,80534,110862,673055,8955,682010,9024,68,7573,0,0,76,680704,689659
01/10/2013,180400,2186,219607,67945,80578,113662,664379,8956,673335,9143,69,7530,0,0,76,671985,680941
01/11/2013,176200,2419,211493,68004,84032,115062,657209,9027,666237,9314,70,7038,0,0,76,664324,673351
01/12/2013,171100,2284,208833,70673,84237,115762,652890,8922,661812,9528,70,6942,0,0,76,659909,668830
01/01/2014,161900,2220,209427,73525,87718,115762,650552,8918,659470,10358,70,6857,0,0,75,657485,666402
01/02/2014,154800,2639,210226,65405,91170,119862,644103,8810,652912,13691,72,6774,0,0,75,650952,659762
01/03/2014,153000,2290,211357,65100,81097,120215,633058,8950,642008,13800,73,6720,0,0,77,639855,648805
01/04/2014,159900,2294,209922,65071,84489,122915,644592,9319,653911,13703,72,6676,0,0,75,651343,660662
01/05/2014,162900,2411,205773,67735,87936,124415,651170,9587,660757,13638,72,6648,0,0,75,657893,667480
01/06/2014,160400,2322,203401,74995,84149,115415,640681,9751,650433,13542,75,6606,0,0,75,647363,657114
01/07/2014,162500,1978,204217,75065,84158,119115,647034,9979,657012,13773,75,6572,0,0,75,653681,663660
01/08/2014,157200,2187,202776,72356,87494,119515,641528,10032,651560,13679,76,6543,0,0,75,648147,658178
01/09/2014,153200,3129,213073,72455,77618,119401,638877,9958,648835,10952,76,6514,0,0,589,645980,655938
01/10/2014,144500,2880,216498,72476,81019,122001,639374,9956,649330,10999,76,6456,0,0,589,646419,656375
01/11/2014,147100,2882,209161,75227,81055,124401,639826,9993,649819,11144,77,6225,0,0,589,646640,656633
01/12/2014,146500,3347,198536,75392,84313,125101,633188,10046,643234,11222,78,6192,0,0,588,639968,650015
01/01/2015,148700,3957,200558,81311,81798,127701,644025,9858,653883,12307,77,6136,0,0,588,650749,660607
01/02/2015,145200,3703,195529,75772,85178,129101,634482,9512,643995,12077,79,6088,0,0,588,641158,650670
01/03/2015,135700,3789,214300,75905,74826,129501,634021,9427,643448,16547,79,6058,0,0,588,640667,650094
01/04/2015,137100,3700,215784,75696,78090,132001,642371,9844,652215,15885,78,6024,0,0,588,648983,658827
01/05/2015,143700,3504,209667,75995,81158,133401,647425,10202,657627,16310,77,6016,0,0,588,654028,664231
01/06/2015,140900,4989,211968,78649,83342,118698,638545,10192,648737,16424,79,5988,0,0,588,645122,655314
01/07/2015,146900,6178,215059,78940,86670,121198,654945,10462,665407,17153,77,5961,0,0,588,661494,671956
01/08/2015,147100,6058,212092,79112,86744,120942,652048,10587,662636,17782,77,5931,0,0,1341,659321,669909
01/09/2015,149300,5281,222828,79209,76553,121342,654512,10643,665155,18023,76,5921,0,0,1341,661774,672417
01/10/2015,142500,5827,224003,82198,79843,123842,658213,10644,668857,17608,76,5897,0,0,1341,665452,676096
01/11/2015,149200,5435,217655,82250,83041,125242,662823,10566,673390,17859,76,5661,0,0,1341,669825,680392
01/12/2015,147300,5159,211946,82689,82991,125942,656026,10625,666651,18598,77,5609,0,0,1341,662977,673602
01/01/2016,147800,5351,215120,83009,86266,128442,665988,10586,676575,18813,76,5567,0,0,1341,672897,683483
01/02/2016,142200,5383,213553,78873,90064,128442,658514,10348,668862,18391,77,5525,0,0,1341,665380,675728
01/03/2016,138100,4747,223909,82998,75694,128842,654289,10470,664759,17791,76,5505,0,0,1341,661135,671605
01/04/2016,142900,5417,224917,82866,79492,131842,667433,10593,678027,17209,75,5483,0,0,1341,674257,684851
01/05/2016,147300,5899,222941,82969,83194,133592,675895,10917,686811,17888,75,5488,0,0,1341,682724,693641
01/06/2016,152100,6010,225565,77027,84907,123792,669401,11115,680516,17617,76,5449,0,0,1341,676191,687306
01/07/2016,151200,4971,230759,80297,88708,123792,679727,11323,691050,18025,75,5435,0,0,2340,687502,698825
01/08/2016,150100,5530,218809,83610,92343,126792,677183,11451,688635,18101,76,5426,0,0,2340,684950,696401
01/09/2016,152000,5094,233082,81933,77343,127192,676643,11393,688036,18256,75,5395,0,0,2340,684379,695771
01/10/2016,143700,4644,234791,85160,81143,130072,679509,11309,690818,18591,75,5363,0,0,2340,687213,698521
01/11/2016,142400,5324,227370,88356,84843,131822,680116,11347,691462,18507,76,5182,0,0,2840,688138,699485
01/12/2016,137100,4671,231508,93383,84918,127272,678852,11503,690355,18447,76,5134,0,0,2840,686826,698329
01/01/2017,133200,5290,234188,93710,88718,127672,682778,11301,694079,17749,76,5084,0,0,2840,690702,702003
01/02/2017,136500,4672,226861,93536,92418,127593,681579,11228,692807,14075,76,5043,0,0,2840,689462,700690
01/03/2017,136700,3521,241809,88473,77418,130593,678514,11683,690198,14115,76,4997,0,0,2840,686352,698035
01/04/2017,142800,3720,243267,88505,81318,130593,690204,11781,701985,14556,74,4939,0,0,2840,697983,709765
01/05/2017,147100,4022,236664,91532,85218,134793,699329,11868,711197,14502,74,4905,0,0,2840,707074,718941
01/06/2017,150500,3694,242174,94475,91348,119457,701649,12081,713730,13972,75,4777,0,0,2840,709266,721346
01/07/2017,141300,3334,241864,97655,95248,119457,698857,12130,710987,13543,75,4721,0,0,2840,706418,718548
01/08/2017,137000,3615,235112,97657,99148,123657,696189,12089,708278,13586,76,4670,0,0,2840,703698,715788
01/09/2017,134200,3491,258916,90181,83548,124807,695143,12089,707232,13552,77,4626,0,0,2840,702609,714698
01/10/2017,128000,3090,259556,93389,87448,127745,699228,12132,711359,13964,77,4481,0,0,2840,706549,718680
01/11/2017,121500,3102,254077,100265,91148,128245,698336,12260,710597,17907,77,3621,0,0,2840,704797,717057
01/12/2017,120300,2615,253919,100094,91148,130045,698120,12312,710433,17468,78,3445,0,0,2840,704405,716718
01/01/2018,112600,2334,256054,102785,94848,129978,698598,12486,711084,17202,77,3291,0,0,2840,704729,717214
01/02/2018,114900,2512,249616,102949,98548,132978,701503,12277,713780,17894,77,3198,0,0,2840,707541,719818
01/03/2018,110700,2591,265296,94397,83548,133378,689909,12661,702570,13483,78,3120,0,0,2840,695868,708529
01/04/2018,115900,2540,261847,96584,86548,135678,699096,13020,712116,13375,77,3049,0,0,2840,704985,718005
01/05/2018,123900,2476,253869,96621,89548,136678,703091,13205,716296,13395,77,2998,0,0,2840,708929,722134
01/06/2018,119300,3018,258629,101449,86489,126078,694963,13402,708364,13580,78,2942,0,0,10567,708471,721873
01/07/2018,119700,2712,260333,101407,89489,129078,702719,13452,716171,13421,77,2907,0,0,10567,716193,729644
01/08/2018,127000,3179,249808,101355,92489,130078,703908,13541,717449,13115,77,2861,0,0,10767,717536,731076
01/09/2018,128500,2944,260161,96116,80489,130445,698655,13863,712518,12984,77,2819,0,0,10657,712131,725994
01/10/2018,133000,3459,261092,96188,83489,133445,710674,13830,724503,13147,76,2771,0,0,10657,724101,737931
01/11/2018,132700,2751,252489,96227,86489,135145,705801,13628,719430,13273,77,2174,0,0,13657,721632,735260
01/12/2018,129900,2860,257771,93160,86489,135145,705325,13799,719124,13675,77,2019,0,0,13657,721001,734800
01/01/2019,128800,2960,261869,93006,89489,138092,714216,13537,727753,17097,76,1934,0,0,13657,729806,743343
01/02/2019,129800,2821,249784,93012,92489,138492,706399,13494,719893,13158,77,1893,0,0,13657,721948,735442
01/03/2019,134300,2699,261848,88073,80489,138492,705902,13583,719484,13316,76,1842,0,0,15657,723401,736983
01/04/2019,137100,3696,260347,88084,84489,143192,716907,13989,730897,13350,76,1794,0,0,15307,734008,747997
01/05/2019,141400,3064,254189,90520,88489,143892,721554,14437,735990,13456,75,1760,0,0,15307,738621,753057
01/06/2019,134900,2284,263524,93688,97873,120709,712978,14723,727700,13090,76,1728,0,0,15307,730012,744735
01/07/2019,138900,2827,264008,93718,101873,123709,725034,15005,740039,12908,75,1698,0,0,15307,742039,757043
01/08/2019,136800,3123,261159,96153,106073,125109,728416,14877,743294,12933,75,1672,0,0,15307,745394,760272
01/09/2019,134200,2557,275911,89532,89873,125909,717981,15212,733193,12706,76,1646,0,0,15307,734934,750146
01/10/2019,137000,2522,277598,91910,94073,128713,731816,15132,746948,12706,75,1622,0,0,15307,748745,763877
01/11/2019,129900,2546,272240,90359,98273,130813,724131,14888,739019,12775,76,1136,0,0,15307,740574,755462
01/12/2019,124800,2475,273065,90359,98273,130813,719785,15064,734849,12415,76,1081,0,0,15787,736652,751716
01/01/2020,124800,2600,270428,94329,98273,134213,724643,14977,739620,13322,76,1051,0,0,17129,742823,757800
01/02/2020,127100,3036,263000,99185,106673,134213,733206,14974,748181,13308,75,1025,0,0,17129,751360,766334
01/03/2020,151867,2160,279846,91754,89167,134395,749189,15159,764348,13781,73,1002,0,0,7589,757780,772939
01/04/2020,258000,4807,285238,96207,99716,141325,885292,15443,900735,13626,65,991,0,0,7589,893872,909315
01/05/2020,342400,6422,288971,100663,105216,146725,990397,15103,1005500,13311,59,985,0,0,7589,998971,1014074
01/06/2020,381500,6893,301835,103780,125182,129525,1048714,14672,1063386,12991,58,978,0,0,7589,1057281,1071953
01/07/2020,374400,7766,313726,108725,135182,132525,1072323,14843,1087166,12827,58,971,0,0,7589,1080883,1095726
01/08/2020,323100,7113,322287,113619,155182,135525,1056826,15362,1072188,12491,62,961,0,0,7589,1065376,1080738
01/09/2020,304100,7880,348541,125701,117682,138825,1042729,15396,1058124,12350,64,977,0,0,7560,1051265,1066661
01/10/2020,277300,8155,368544,137704,127682,151825,1071209,15302,1086511,12356,65,967,0,0,7560,1079736,1095038
01/11/2020,265900,7395,369763,137603,131682,159825,1072168,15252,1087420,12050,67,855,0,0,7560,1080583,1095835
01/12/2020,248900,5359,379543,141526,155682,148225,1079234,15554,1094788,11753,68,826,0,0,7560,1087620,1103174
01/01/2021,237500,5595,384345,141543,164682,151225,1084889,15658,1100547,11572,68,815,0,0,7560,1093263,1108921
01/02/2021,230600,5133,384892,147525,173682,151525,1093357,15537,1108894,11517,68,805,0,0,7560,1101722,1117259
01/03/2021,218800,4053,383709,171569,157682,157525,1093338,15911,1109249,11373,71,795,0,0,7560,1101693,1117604
01/04/2021,206400,4365,422043,147487,161682,163025,1105000,16254,1121254,11123,71,787,0,0,7560,1113347,1129601
01/05/2021,210400,5157,420639,151641,165682,175525,1129045,16596,1145641,15142,72,779,0,0,7560,1137384,1153980
01/06/2021,217800,5115,433079,151629,172210,167925,1147757,16940,1164697,15558,72,773,0,0,7563,1156092,1173033
01/07/2021,226800,4903,438125,156179,186710,167925,1180642,17285,1197926,15654,71,765,0,0,7563,1188969,1206254
01/08/2021,223400,5700,434682,159772,195710,173925,1193188,17486,1210674,15771,73,755,0,0,7563,1201506,1218992
01/09/2021,193800,6703,435768,166799,186210,178225,1167505,17926,1185430,15949,76,747,0,0,7563,1175814,1193740
01/10/2021,195800,4994,454039,158551,190710,182725,1186818,18084,1204902,15471,75,738,0,0,7563,1195118,1213202
01/11/2021,188200,4207,448778,158810,195210,192225,1187428,18232,1205660,15969,77,618,0,0,7563,1195609,1213841
01/12/2021,190600,4999,447025,163975,212760,179825,1199183,14940,1214123,15806,77,593,0,0,12738,1212514,1227453
01/01/2022,183400,4819,450563,163204,221760,181825,1205571,15080,1220651,12074,77,582,0,0,16,1206170,1221250
01/02/2022,184600,1951,445544,163193,230760,183825,1209872,15000,1224872,12043,77,563,0,0,16,1210451,1225451
01/03/2022,187400,2575,447239,165831,223760,190125,1216929,15556,1232485,11876,78,554,0,0,16,1217500,1233056
01/04/2022,186200,2715,465444,159953,223760,196125,1234196,16207,1250403,16703,77,562,0,0,14,1234772,1250979
01/05/2022,184000,4149,454253,159883,227760,206525,1236569,17142,1253711,16442,78,547,0,0,14,1237131,1254273
01/06/2022,180000,2979,463794,163088,234399,189525,1233785,17554,1251339,16734,78,541,0,0,14,1234340,1251895
01/07/2022,178400,1928,471731,165565,241399,191525,1250548,18460,1269008,16648,78,535,0,0,15,1251097,1269557
01/08/2022,180400,4993,450042,168179,241399,199525,1244537,18915,1263453,17073,79,526,0,0,15,1245078,1263993
01/09/2022,185000,2635,476875,136876,229399,202825,1233609,19043,1252652,17803,79,520,0,0,15,1234144,1253187
01/10/2022,187000,2431,488307,131851,233399,210325,1253313,18832,1272145,17709,79,513,0,0,15,1253840,1272673
01/11/2022,188200,2823,453087,131790,236899,215825,1228624,18868,1247492,13449,81,505,0,0,14,1229143,1248011
01/12/2022,189800,2507,459131,132321,257899,198825,1240483,19339,1259822,13539,80,503,0,0,14,1241000,1260339
01/01/2023,190600,2406,462948,134239,261899,200325,1252418,19440,1271858,13305,79,496,0,0,14,1252928,1272369
01/02/2023,195000,3374,435678,136358,261899,208325,1240633,19060,1259693,13642,80,487,0,0,14,1241135,1260195
01/03/2023,201800,2473,451981,117313,250399,212325,1236291,19388,1255679,13516,80,473,0,0,14,1236778,1256166
01/04/2023,212200,3411,463601,118743,255399,218575,1271929,19655,1291585,18967,79,486,0,0,14,1272430,1292085
01/05/2023,230400,3730,446168,114012,255399,222075,1271784,20006,1291790,19002,79,471,0,0,14,1272269,1292275
01/06/2023,227800,4080,452305,113909,277888,194086,1270068,20487,1290554,18544,79,476,0,0,18,1270562,1291049
01/07/2023,233200,3976,456394,113885,282888,196586,1286929,20759,1307688,18460,78,473,0,0,17,1287419,1308179
01/08/2023,254900,3528,446221,114016,287888,200086,1306638,20854,1327491,18917,77,471,0,0,17,1307125,1327979
01/09/2023,257400,2550,433990,111043,267888,207836,1280706,21240,1301947,19013,79,471,0,0,10,1280716,1301957
01/10/2023,258000,3192,438127,111158,271888,211836,1294200,21510,1315710,19415,78,471,0,0,10,1294210,1315720
01/11/2023,254200,3835,432002,111038,275888,213086,1290048,21433,1311482,18995,78,471,0,0,10,1290058,1311491
01/12/2023,249200,4573,441131,105660,300888,202586,1304038,21473,1325511,18547,78,471,0,0,10,1304048,1325521
01/01/2024,249200,2557,446576,105738,305888,207586,1317545,21560,1339105,18820,77,471,0,0,9,1317554,1339114
01/02/2024,257600,2120,435379,105789,310888,215086,1326861,21350,1348211,18998,78,471,0,0,9,1326870,1348220
01/03/2024,267400,2172,452763,115778,292888,217586,1348586,21342,1369928,18959,77,471,0,0,9,1348595,1369937
01/04/2024,276400,2875,421553,119996,297888,229586,1348298,21555,1369853,23401,78,471,0,0,9,1348306,1369862
01/05/2024,280800,3153,411997,119900,302888,236586,1355324,21990,1377314,23168,79,471,0,0,9,1355332,1377322
01/06/2024,281000,3288,426337,124477,318989,207586,1361677,22346,1384023,23261,78,471,0,0,9,1361686,1384032
01/07/2024,306900,2233,428407,124561,323989,214586,1400676,22742,1423418,23465,77,471,0,0,8,1400685,1423427
01/08/2024,284600,2926,425454,123831,328989,219586,1385386,22712,1408098,22907,77,471,0,0,22,1385821,1408533
01/09/2024,279500,5129,430181,137861,303989,226586,1383246,23009,1406255,22979,78,471,0,0,22,1383679,1406688
01/10/2024,280700,3152,419190,138143,310989,233586,1385759,22892,1408651,23663,79,408,0,0,22,1386189,1409081
01/11/2024,278700,3055,414476,138197,315989,240586,1391003,22589,1413592,23796,79,405,0,0,22,1391430,1414019
01/12/2024,284600,3907,420356,143463,345989,215586,1413901,22877,1436778,24442,78,402,0,0,22,1414325,1437202
01/01/2025,283800,2047,421373,143569,351989,224086,1426863,22887,1449751,20339,78,400,0,0,8,1427285,1450172
01/02/2025,280700,2397,419130,143523,359989,232586,1438325,22632,1460957,20248,78,398,0,0,22,1438745,1461377
01/03/2025,285200,4210,427475,166503,332989,238586,1454963,22665,1477628,25174,78,394,0,0,22,1455379,1478044
01/04/2025,291600,2190,419229,160356,343489,246836,1463699,23392,1487091,19292,78,392,0,0,22,1464113,1487505
01/05/2025,303300,2282,417437,160320,348739,260336,1492413,23631,1516043,19214,78,390,0,0,22,1492825,1516455
01/06/2025,299700,3446,423965,190952,348789,226586,1493437,23595,1517033,19068,78,387,0,0,22,1493846,1517441
01/07/2025,303700,4159,433542,191105,354039,235336,1521879,23978,1545858,19397,77,383,0,0,22,1522285,1546263
01/08/2025,309700,3235,428448,191025,364539,245836,1542782,24034,1566816,19226,77,383,0,0,22,1543187,1567221
01/09/2025,305700,5427,405017,213148,327789,254086,1511166,24249,1535415,19491,79,383,0,0,22,1511572,1535820